==95964== Memcheck, a memory error detector
==95964== Copyright (C) 2002-2022, and GNU GPL'd, by Julian Seward et al.
==95964== Using Valgrind-3.22.0 and LibVEX; rerun with -h for copyright info
==95964== Command: ./webserv ./conf.d/webserv.conf
==95964== Parent PID: 95962
==95964== 
==95964== 
==95964== Process terminating with default action of signal 15 (SIGTERM)
==95964==    at 0x4C344C4: poll (poll.c:29)
==95964==    by 0x11CBC2: Server::run() (server.cpp:579)
==95964==    by 0x134D8D: main (main.cpp:55)
==95964== 
==95964== HEAP SUMMARY:
==95964==     in use at exit: 97,032 bytes in 213 blocks
==95964==   total heap usage: 1,118 allocs, 905 frees, 2,125,820 bytes allocated
==95964== 
==95964== 16 bytes in 2 blocks are still reachable in loss record 1 of 32
==95964==    at 0x4846FA3: operator new(unsigned long) (in /usr/libexec/valgrind/vgpreload_memcheck-amd64-linux.so)
==95964==    by 0x129EDF: std::__new_allocator<ServerConfig const*>::allocate(unsigned long, void const*) (new_allocator.h:151)
==95964==    by 0x123D72: allocate (alloc_traits.h:140)
==95964==    by 0x123D72: std::_Vector_base<ServerConfig const*, std::allocator<ServerConfig const*> >::_M_allocate(unsigned long) (stl_vector.h:381)
==95964==    by 0x120993: std::vector<ServerConfig const*, std::allocator<ServerConfig const*> >::_M_realloc_insert(__gnu_cxx::__normal_iterator<ServerConfig const**, std::vector<ServerConfig const*, std::allocator<ServerConfig const*> > >, ServerConfig const* const&) (vector.tcc:459)
==95964==    by 0x11E5A9: std::vector<ServerConfig const*, std::allocator<ServerConfig const*> >::push_back(ServerConfig const* const&) (stl_vector.h:1292)
==95964==    by 0x1189F2: Server::setupListeningSockets() (server.cpp:91)
==95964==    by 0x1182A2: Server::Server(HttpConfig const&, MimeTypes&) (server.cpp:27)
==95964==    by 0x134D7C: main (main.cpp:52)
==95964== 
==95964== 17 bytes in 1 blocks are still reachable in loss record 2 of 32
==95964==    at 0x4846FA3: operator new(unsigned long) (in /usr/libexec/valgrind/vgpreload_memcheck-amd64-linux.so)
==95964==    by 0x49D885A: void std::__cxx11::basic_string<char, std::char_traits<char>, std::allocator<char> >::_M_construct<char*>(char*, char*, std::forward_iterator_tag) (in /usr/lib/x86_64-linux-gnu/libstdc++.so.6.0.33)
==95964==    by 0x112C48: LocationConfig::LocationConfig(LocationConfig const&) (httpConfig.hpp:31)
==95964==    by 0x11695F: void std::_Construct<LocationConfig, LocationConfig>(LocationConfig*, LocationConfig const&) (stl_construct.h:128)
==95964==    by 0x116B84: LocationConfig* std::__do_uninit_copy<__gnu_cxx::__normal_iterator<LocationConfig const*, std::vector<LocationConfig, std::allocator<LocationConfig> > >, LocationConfig*>(__gnu_cxx::__normal_iterator<LocationConfig const*, std::vector<LocationConfig, std::allocator<LocationConfig> > >, __gnu_cxx::__normal_iterator<LocationConfig const*, std::vector<LocationConfig, std::allocator<LocationConfig> > >, LocationConfig*) (stl_uninitialized.h:120)
==95964==    by 0x11628F: LocationConfig* std::__uninitialized_copy<false>::__uninit_copy<__gnu_cxx::__normal_iterator<LocationConfig const*, std::vector<LocationConfig, std::allocator<LocationConfig> > >, LocationConfig*>(__gnu_cxx::__normal_iterator<LocationConfig const*, std::vector<LocationConfig, std::allocator<LocationConfig> > >, __gnu_cxx::__normal_iterator<LocationConfig const*, std::vector<LocationConfig, std::allocator<LocationConfig> > >, LocationConfig*) (stl_uninitialized.h:137)
==95964==    by 0x115D8B: LocationConfig* std::uninitialized_copy<__gnu_cxx::__normal_iterator<LocationConfig const*, std::vector<LocationConfig, std::allocator<LocationConfig> > >, LocationConfig*>(__gnu_cxx::__normal_iterator<LocationConfig const*, std::vector<LocationConfig, std::allocator<LocationConfig> > >, __gnu_cxx::__normal_iterator<LocationConfig const*, std::vector<LocationConfig, std::allocator<LocationConfig> > >, LocationConfig*) (stl_uninitialized.h:185)
==95964==    by 0x1150DA: LocationConfig* std::__uninitialized_copy_a<__gnu_cxx::__normal_iterator<LocationConfig const*, std::vector<LocationConfig, std::allocator<LocationConfig> > >, LocationConfig*, LocationConfig>(__gnu_cxx::__normal_iterator<LocationConfig const*, std::vector<LocationConfig, std::allocator<LocationConfig> > >, __gnu_cxx::__normal_iterator<LocationConfig const*, std::vector<LocationConfig, std::allocator<LocationConfig> > >, LocationConfig*, std::allocator<LocationConfig>&) (stl_uninitialized.h:373)
==95964==    by 0x113E10: std::vector<LocationConfig, std::allocator<LocationConfig> >::vector(std::vector<LocationConfig, std::allocator<LocationConfig> > const&) (stl_vector.h:606)
==95964==    by 0x1130CD: ServerConfig::ServerConfig(ServerConfig const&) (httpConfig.hpp:49)
==95964==    by 0x111EDD: construct (new_allocator.h:205)
==95964==    by 0x111EDD: construct<ServerConfig> (alloc_traits.h:155)
==95964==    by 0x111EDD: std::vector<ServerConfig, std::allocator<ServerConfig> >::_M_realloc_insert(__gnu_cxx::__normal_iterator<ServerConfig*, std::vector<ServerConfig, std::allocator<ServerConfig> > >, ServerConfig const&) (vector.tcc:468)
==95964==    by 0x110C05: std::vector<ServerConfig, std::allocator<ServerConfig> >::push_back(ServerConfig const&) (stl_vector.h:1292)
==95964== 
==95964== 17 bytes in 1 blocks are still reachable in loss record 3 of 32
==95964==    at 0x4846FA3: operator new(unsigned long) (in /usr/libexec/valgrind/vgpreload_memcheck-amd64-linux.so)
==95964==    by 0x49D885A: void std::__cxx11::basic_string<char, std::char_traits<char>, std::allocator<char> >::_M_construct<char*>(char*, char*, std::forward_iterator_tag) (in /usr/lib/x86_64-linux-gnu/libstdc++.so.6.0.33)
==95964==    by 0x112C48: LocationConfig::LocationConfig(LocationConfig const&) (httpConfig.hpp:31)
==95964==    by 0x11695F: void std::_Construct<LocationConfig, LocationConfig>(LocationConfig*, LocationConfig const&) (stl_construct.h:128)
==95964==    by 0x116B84: LocationConfig* std::__do_uninit_copy<__gnu_cxx::__normal_iterator<LocationConfig const*, std::vector<LocationConfig, std::allocator<LocationConfig> > >, LocationConfig*>(__gnu_cxx::__normal_iterator<LocationConfig const*, std::vector<LocationConfig, std::allocator<LocationConfig> > >, __gnu_cxx::__normal_iterator<LocationConfig const*, std::vector<LocationConfig, std::allocator<LocationConfig> > >, LocationConfig*) (stl_uninitialized.h:120)
==95964==    by 0x11628F: LocationConfig* std::__uninitialized_copy<false>::__uninit_copy<__gnu_cxx::__normal_iterator<LocationConfig const*, std::vector<LocationConfig, std::allocator<LocationConfig> > >, LocationConfig*>(__gnu_cxx::__normal_iterator<LocationConfig const*, std::vector<LocationConfig, std::allocator<LocationConfig> > >, __gnu_cxx::__normal_iterator<LocationConfig const*, std::vector<LocationConfig, std::allocator<LocationConfig> > >, LocationConfig*) (stl_uninitialized.h:137)
==95964==    by 0x115D8B: LocationConfig* std::uninitialized_copy<__gnu_cxx::__normal_iterator<LocationConfig const*, std::vector<LocationConfig, std::allocator<LocationConfig> > >, LocationConfig*>(__gnu_cxx::__normal_iterator<LocationConfig const*, std::vector<LocationConfig, std::allocator<LocationConfig> > >, __gnu_cxx::__normal_iterator<LocationConfig const*, std::vector<LocationConfig, std::allocator<LocationConfig> > >, LocationConfig*) (stl_uninitialized.h:185)
==95964==    by 0x1150DA: LocationConfig* std::__uninitialized_copy_a<__gnu_cxx::__normal_iterator<LocationConfig const*, std::vector<LocationConfig, std::allocator<LocationConfig> > >, LocationConfig*, LocationConfig>(__gnu_cxx::__normal_iterator<LocationConfig const*, std::vector<LocationConfig, std::allocator<LocationConfig> > >, __gnu_cxx::__normal_iterator<LocationConfig const*, std::vector<LocationConfig, std::allocator<LocationConfig> > >, LocationConfig*, std::allocator<LocationConfig>&) (stl_uninitialized.h:373)
==95964==    by 0x113E10: std::vector<LocationConfig, std::allocator<LocationConfig> >::vector(std::vector<LocationConfig, std::allocator<LocationConfig> > const&) (stl_vector.h:606)
==95964==    by 0x1130CD: ServerConfig::ServerConfig(ServerConfig const&) (httpConfig.hpp:49)
==95964==    by 0x115E02: void std::_Construct<ServerConfig, ServerConfig>(ServerConfig*, ServerConfig const&) (stl_construct.h:128)
==95964==    by 0x1162D2: ServerConfig* std::__do_uninit_copy<ServerConfig*, ServerConfig*>(ServerConfig*, ServerConfig*, ServerConfig*) (stl_uninitialized.h:120)
==95964== 
==95964== 19 bytes in 1 blocks are still reachable in loss record 4 of 32
==95964==    at 0x4846FA3: operator new(unsigned long) (in /usr/libexec/valgrind/vgpreload_memcheck-amd64-linux.so)
==95964==    by 0x49D895A: void std::__cxx11::basic_string<char, std::char_traits<char>, std::allocator<char> >::_M_construct<char const*>(char const*, char const*, std::forward_iterator_tag) (in /usr/lib/x86_64-linux-gnu/libstdc++.so.6.0.33)
==95964==    by 0x134C08: main (main.cpp:29)
==95964== 
==95964== 19 bytes in 1 blocks are still reachable in loss record 5 of 32
==95964==    at 0x4846FA3: operator new(unsigned long) (in /usr/libexec/valgrind/vgpreload_memcheck-amd64-linux.so)
==95964==    by 0x49D885A: void std::__cxx11::basic_string<char, std::char_traits<char>, std::allocator<char> >::_M_construct<char*>(char*, char*, std::forward_iterator_tag) (in /usr/lib/x86_64-linux-gnu/libstdc++.so.6.0.33)
==95964==    by 0x10D17B: ConfigParser::ConfigParser(std::__cxx11::basic_string<char, std::char_traits<char>, std::allocator<char> > const&, std::__cxx11::basic_string<char, std::char_traits<char>, std::allocator<char> > const&) (configParser.cpp:16)
==95964==    by 0x134D21: main (main.cpp:46)
==95964== 
==95964== 22 bytes in 1 blocks are still reachable in loss record 6 of 32
==95964==    at 0x4846FA3: operator new(unsigned long) (in /usr/libexec/valgrind/vgpreload_memcheck-amd64-linux.so)
==95964==    by 0x49D885A: void std::__cxx11::basic_string<char, std::char_traits<char>, std::allocator<char> >::_M_construct<char*>(char*, char*, std::forward_iterator_tag) (in /usr/lib/x86_64-linux-gnu/libstdc++.so.6.0.33)
==95964==    by 0x10D164: ConfigParser::ConfigParser(std::__cxx11::basic_string<char, std::char_traits<char>, std::allocator<char> > const&, std::__cxx11::basic_string<char, std::char_traits<char>, std::allocator<char> > const&) (configParser.cpp:16)
==95964==    by 0x134D21: main (main.cpp:46)
==95964== 
==95964== 31 bytes in 1 blocks are still reachable in loss record 7 of 32
==95964==    at 0x4846FA3: operator new(unsigned long) (in /usr/libexec/valgrind/vgpreload_memcheck-amd64-linux.so)
==95964==    by 0x49D570E: std::__cxx11::basic_string<char, std::char_traits<char>, std::allocator<char> >::_M_mutate(unsigned long, unsigned long, char const*, unsigned long) (in /usr/lib/x86_64-linux-gnu/libstdc++.so.6.0.33)
==95964==    by 0x49D682A: std::__cxx11::basic_string<char, std::char_traits<char>, std::allocator<char> >::_M_replace(unsigned long, unsigned long, char const*, unsigned long) (in /usr/lib/x86_64-linux-gnu/libstdc++.so.6.0.33)
==95964==    by 0x134C56: main (main.cpp:32)
==95964== 
==95964== 32 bytes in 1 blocks are still reachable in loss record 8 of 32
==95964==    at 0x4846FA3: operator new(unsigned long) (in /usr/libexec/valgrind/vgpreload_memcheck-amd64-linux.so)
==95964==    by 0x1146B9: std::__new_allocator<std::__cxx11::basic_string<char, std::char_traits<char>, std::allocator<char> > >::allocate(unsigned long, void const*) (new_allocator.h:151)
==95964==    by 0x112986: allocate (alloc_traits.h:140)
==95964==    by 0x112986: std::_Vector_base<std::__cxx11::basic_string<char, std::char_traits<char>, std::allocator<char> >, std::allocator<std::__cxx11::basic_string<char, std::char_traits<char>, std::allocator<char> > > >::_M_allocate(unsigned long) (stl_vector.h:381)
==95964==    by 0x1159DC: std::_Vector_base<std::__cxx11::basic_string<char, std::char_traits<char>, std::allocator<char> >, std::allocator<std::__cxx11::basic_string<char, std::char_traits<char>, std::allocator<char> > > >::_M_create_storage(unsigned long) (stl_vector.h:398)
==95964==    by 0x114C50: std::_Vector_base<std::__cxx11::basic_string<char, std::char_traits<char>, std::allocator<char> >, std::allocator<std::__cxx11::basic_string<char, std::char_traits<char>, std::allocator<char> > > >::_Vector_base(unsigned long, std::allocator<std::__cxx11::basic_string<char, std::char_traits<char>, std::allocator<char> > > const&) (stl_vector.h:335)
==95964==    by 0x113C2C: std::vector<std::__cxx11::basic_string<char, std::char_traits<char>, std::allocator<char> >, std::allocator<std::__cxx11::basic_string<char, std::char_traits<char>, std::allocator<char> > > >::vector(std::vector<std::__cxx11::basic_string<char, std::char_traits<char>, std::allocator<char> >, std::allocator<std::__cxx11::basic_string<char, std::char_traits<char>, std::allocator<char> > > > const&) (stl_vector.h:603)
==95964==    by 0x11304C: ServerConfig::ServerConfig(ServerConfig const&) (httpConfig.hpp:49)
==95964==    by 0x111EDD: construct (new_allocator.h:205)
==95964==    by 0x111EDD: construct<ServerConfig> (alloc_traits.h:155)
==95964==    by 0x111EDD: std::vector<ServerConfig, std::allocator<ServerConfig> >::_M_realloc_insert(__gnu_cxx::__normal_iterator<ServerConfig*, std::vector<ServerConfig, std::allocator<ServerConfig> > >, ServerConfig const&) (vector.tcc:468)
==95964==    by 0x110C05: std::vector<ServerConfig, std::allocator<ServerConfig> >::push_back(ServerConfig const&) (stl_vector.h:1292)
==95964==    by 0x10F1E0: ConfigParser::parseHttpBlock(std::istream&, HttpConfig&) (configParser.cpp:232)
==95964==    by 0x10F565: ConfigParser::parse() (configParser.cpp:251)
==95964==    by 0x134D37: main (main.cpp:47)
==95964== 
==95964== 32 bytes in 1 blocks are still reachable in loss record 9 of 32
==95964==    at 0x4846FA3: operator new(unsigned long) (in /usr/libexec/valgrind/vgpreload_memcheck-amd64-linux.so)
==95964==    by 0x1146B9: std::__new_allocator<std::__cxx11::basic_string<char, std::char_traits<char>, std::allocator<char> > >::allocate(unsigned long, void const*) (new_allocator.h:151)
==95964==    by 0x112986: allocate (alloc_traits.h:140)
==95964==    by 0x112986: std::_Vector_base<std::__cxx11::basic_string<char, std::char_traits<char>, std::allocator<char> >, std::allocator<std::__cxx11::basic_string<char, std::char_traits<char>, std::allocator<char> > > >::_M_allocate(unsigned long) (stl_vector.h:381)
==95964==    by 0x1159DC: std::_Vector_base<std::__cxx11::basic_string<char, std::char_traits<char>, std::allocator<char> >, std::allocator<std::__cxx11::basic_string<char, std::char_traits<char>, std::allocator<char> > > >::_M_create_storage(unsigned long) (stl_vector.h:398)
==95964==    by 0x114C50: std::_Vector_base<std::__cxx11::basic_string<char, std::char_traits<char>, std::allocator<char> >, std::allocator<std::__cxx11::basic_string<char, std::char_traits<char>, std::allocator<char> > > >::_Vector_base(unsigned long, std::allocator<std::__cxx11::basic_string<char, std::char_traits<char>, std::allocator<char> > > const&) (stl_vector.h:335)
==95964==    by 0x113C2C: std::vector<std::__cxx11::basic_string<char, std::char_traits<char>, std::allocator<char> >, std::allocator<std::__cxx11::basic_string<char, std::char_traits<char>, std::allocator<char> > > >::vector(std::vector<std::__cxx11::basic_string<char, std::char_traits<char>, std::allocator<char> >, std::allocator<std::__cxx11::basic_string<char, std::char_traits<char>, std::allocator<char> > > > const&) (stl_vector.h:603)
==95964==    by 0x113082: ServerConfig::ServerConfig(ServerConfig const&) (httpConfig.hpp:49)
==95964==    by 0x111EDD: construct (new_allocator.h:205)
==95964==    by 0x111EDD: construct<ServerConfig> (alloc_traits.h:155)
==95964==    by 0x111EDD: std::vector<ServerConfig, std::allocator<ServerConfig> >::_M_realloc_insert(__gnu_cxx::__normal_iterator<ServerConfig*, std::vector<ServerConfig, std::allocator<ServerConfig> > >, ServerConfig const&) (vector.tcc:468)
==95964==    by 0x110C05: std::vector<ServerConfig, std::allocator<ServerConfig> >::push_back(ServerConfig const&) (stl_vector.h:1292)
==95964==    by 0x10F1E0: ConfigParser::parseHttpBlock(std::istream&, HttpConfig&) (configParser.cpp:232)
==95964==    by 0x10F565: ConfigParser::parse() (configParser.cpp:251)
==95964==    by 0x134D37: main (main.cpp:47)
==95964== 
==95964== 32 bytes in 1 blocks are still reachable in loss record 10 of 32
==95964==    at 0x4846FA3: operator new(unsigned long) (in /usr/libexec/valgrind/vgpreload_memcheck-amd64-linux.so)
==95964==    by 0x1146B9: std::__new_allocator<std::__cxx11::basic_string<char, std::char_traits<char>, std::allocator<char> > >::allocate(unsigned long, void const*) (new_allocator.h:151)
==95964==    by 0x112986: allocate (alloc_traits.h:140)
==95964==    by 0x112986: std::_Vector_base<std::__cxx11::basic_string<char, std::char_traits<char>, std::allocator<char> >, std::allocator<std::__cxx11::basic_string<char, std::char_traits<char>, std::allocator<char> > > >::_M_allocate(unsigned long) (stl_vector.h:381)
==95964==    by 0x1159DC: std::_Vector_base<std::__cxx11::basic_string<char, std::char_traits<char>, std::allocator<char> >, std::allocator<std::__cxx11::basic_string<char, std::char_traits<char>, std::allocator<char> > > >::_M_create_storage(unsigned long) (stl_vector.h:398)
==95964==    by 0x114C50: std::_Vector_base<std::__cxx11::basic_string<char, std::char_traits<char>, std::allocator<char> >, std::allocator<std::__cxx11::basic_string<char, std::char_traits<char>, std::allocator<char> > > >::_Vector_base(unsigned long, std::allocator<std::__cxx11::basic_string<char, std::char_traits<char>, std::allocator<char> > > const&) (stl_vector.h:335)
==95964==    by 0x113C2C: std::vector<std::__cxx11::basic_string<char, std::char_traits<char>, std::allocator<char> >, std::allocator<std::__cxx11::basic_string<char, std::char_traits<char>, std::allocator<char> > > >::vector(std::vector<std::__cxx11::basic_string<char, std::char_traits<char>, std::allocator<char> >, std::allocator<std::__cxx11::basic_string<char, std::char_traits<char>, std::allocator<char> > > > const&) (stl_vector.h:603)
==95964==    by 0x11304C: ServerConfig::ServerConfig(ServerConfig const&) (httpConfig.hpp:49)
==95964==    by 0x115E02: void std::_Construct<ServerConfig, ServerConfig>(ServerConfig*, ServerConfig const&) (stl_construct.h:128)
==95964==    by 0x1162D2: ServerConfig* std::__do_uninit_copy<ServerConfig*, ServerConfig*>(ServerConfig*, ServerConfig*, ServerConfig*) (stl_uninitialized.h:120)
==95964==    by 0x115DBC: ServerConfig* std::__uninitialized_copy<false>::__uninit_copy<ServerConfig*, ServerConfig*>(ServerConfig*, ServerConfig*, ServerConfig*) (stl_uninitialized.h:137)
==95964==    by 0x115213: ServerConfig* std::uninitialized_copy<ServerConfig*, ServerConfig*>(ServerConfig*, ServerConfig*, ServerConfig*) (stl_uninitialized.h:185)
==95964==    by 0x113E9C: ServerConfig* std::__uninitialized_copy_a<ServerConfig*, ServerConfig*, ServerConfig>(ServerConfig*, ServerConfig*, ServerConfig*, std::allocator<ServerConfig>&) (stl_uninitialized.h:373)
==95964== 
==95964== 34 bytes in 2 blocks are still reachable in loss record 11 of 32
==95964==    at 0x4846FA3: operator new(unsigned long) (in /usr/libexec/valgrind/vgpreload_memcheck-amd64-linux.so)
==95964==    by 0x49D885A: void std::__cxx11::basic_string<char, std::char_traits<char>, std::allocator<char> >::_M_construct<char*>(char*, char*, std::forward_iterator_tag) (in /usr/lib/x86_64-linux-gnu/libstdc++.so.6.0.33)
==95964==    by 0x116C9C: std::pair<int const, std::__cxx11::basic_string<char, std::char_traits<char>, std::allocator<char> > >::pair(std::pair<int const, std::__cxx11::basic_string<char, std::char_traits<char>, std::allocator<char> > > const&) (stl_pair.h:187)
==95964==    by 0x1165F7: construct (new_allocator.h:205)
==95964==    by 0x1165F7: std::_Rb_tree<int, std::pair<int const, std::__cxx11::basic_string<char, std::char_traits<char>, std::allocator<char> > >, std::_Select1st<std::pair<int const, std::__cxx11::basic_string<char, std::char_traits<char>, std::allocator<char> > > >, std::less<int>, std::allocator<std::pair<int const, std::__cxx11::basic_string<char, std::char_traits<char>, std::allocator<char> > > > >::_M_construct_node(std::_Rb_tree_node<std::pair<int const, std::__cxx11::basic_string<char, std::char_traits<char>, std::allocator<char> > > >*, std::pair<int const, std::__cxx11::basic_string<char, std::char_traits<char>, std::allocator<char> > > const&) (stl_tree.h:574)
==95964==    by 0x116010: std::_Rb_tree<int, std::pair<int const, std::__cxx11::basic_string<char, std::char_traits<char>, std::allocator<char> > >, std::_Select1st<std::pair<int const, std::__cxx11::basic_string<char, std::char_traits<char>, std::allocator<char> > > >, std::less<int>, std::allocator<std::pair<int const, std::__cxx11::basic_string<char, std::char_traits<char>, std::allocator<char> > > > >::_M_create_node(std::pair<int const, std::__cxx11::basic_string<char, std::char_traits<char>, std::allocator<char> > > const&) (stl_tree.h:586)
==95964==    by 0x11596D: std::_Rb_tree_node<std::pair<int const, std::__cxx11::basic_string<char, std::char_traits<char>, std::allocator<char> > > >* std::_Rb_tree<int, std::pair<int const, std::__cxx11::basic_string<char, std::char_traits<char>, std::allocator<char> > >, std::_Select1st<std::pair<int const, std::__cxx11::basic_string<char, std::char_traits<char>, std::allocator<char> > > >, std::less<int>, std::allocator<std::pair<int const, std::__cxx11::basic_string<char, std::char_traits<char>, std::allocator<char> > > > >::_Alloc_node::operator()<std::pair<int const, std::__cxx11::basic_string<char, std::char_traits<char>, std::allocator<char> > > >(std::pair<int const, std::__cxx11::basic_string<char, std::char_traits<char>, std::allocator<char> > > const&) const (stl_tree.h:531)
==95964==    by 0x116DB3: std::_Rb_tree_node<std::pair<int const, std::__cxx11::basic_string<char, std::char_traits<char>, std::allocator<char> > > >* std::_Rb_tree<int, std::pair<int const, std::__cxx11::basic_string<char, std::char_traits<char>, std::allocator<char> > >, std::_Select1st<std::pair<int const, std::__cxx11::basic_string<char, std::char_traits<char>, std::allocator<char> > > >, std::less<int>, std::allocator<std::pair<int const, std::__cxx11::basic_string<char, std::char_traits<char>, std::allocator<char> > > > >::_M_clone_node<false, std::_Rb_tree<int, std::pair<int const, std::__cxx11::basic_string<char, std::char_traits<char>, std::allocator<char> > >, std::_Select1st<std::pair<int const, std::__cxx11::basic_string<char, std::char_traits<char>, std::allocator<char> > > >, std::less<int>, std::allocator<std::pair<int const, std::__cxx11::basic_string<char, std::char_traits<char>, std::allocator<char> > > > >::_Alloc_node>(std::_Rb_tree_node<std::pair<int const, std::__cxx11::basic_string<char, std::char_traits<char>, std::allocator<char> > > >*, std::_Rb_tree<int, std::pair<int const, std::__cxx11::basic_string<char, std::char_traits<char>, std::allocator<char> > >, std::_Select1st<std::pair<int const, std::__cxx11::basic_string<char, std::char_traits<char>, std::allocator<char> > > >, std::less<int>, std::allocator<std::pair<int const, std::__cxx11::basic_string<char, std::char_traits<char>, std::allocator<char> > > > >::_Alloc_node&) (stl_tree.h:647)
==95964==    by 0x1169C5: std::_Rb_tree_node<std::pair<int const, std::__cxx11::basic_string<char, std::char_traits<char>, std::allocator<char> > > >* std::_Rb_tree<int, std::pair<int const, std::__cxx11::basic_string<char, std::char_traits<char>, std::allocator<char> > >, std::_Select1st<std::pair<int const, std::__cxx11::basic_string<char, std::char_traits<char>, std::allocator<char> > > >, std::less<int>, std::allocator<std::pair<int const, std::__cxx11::basic_string<char, std::char_traits<char>, std::allocator<char> > > > >::_M_copy<false, std::_Rb_tree<int, std::pair<int const, std::__cxx11::basic_string<char, std::char_traits<char>, std::allocator<char> > >, std::_Select1st<std::pair<int const, std::__cxx11::basic_string<char, std::char_traits<char>, std::allocator<char> > > >, std::less<int>, std::allocator<std::pair<int const, std::__cxx11::basic_string<char, std::char_traits<char>, std::allocator<char> > > > >::_Alloc_node>(std::_Rb_tree_node<std::pair<int const, std::__cxx11::basic_string<char, std::char_traits<char>, std::allocator<char> > > >*, std::_Rb_tree_node_base*, std::_Rb_tree<int, std::pair<int const, std::__cxx11::basic_string<char, std::char_traits<char>, std::allocator<char> > >, std::_Select1st<std::pair<int const, std::__cxx11::basic_string<char, std::char_traits<char>, std::allocator<char> > > >, std::less<int>, std::allocator<std::pair<int const, std::__cxx11::basic_string<char, std::char_traits<char>, std::allocator<char> > > > >::_Alloc_node&) (stl_tree.h:1896)
==95964==    by 0x116206: std::_Rb_tree_node<std::pair<int const, std::__cxx11::basic_string<char, std::char_traits<char>, std::allocator<char> > > >* std::_Rb_tree<int, std::pair<int const, std::__cxx11::basic_string<char, std::char_traits<char>, std::allocator<char> > >, std::_Select1st<std::pair<int const, std::__cxx11::basic_string<char, std::char_traits<char>, std::allocator<char> > > >, std::less<int>, std::allocator<std::pair<int const, std::__cxx11::basic_string<char, std::char_traits<char>, std::allocator<char> > > > >::_M_copy<false, std::_Rb_tree<int, std::pair<int const, std::__cxx11::basic_string<char, std::char_traits<char>, std::allocator<char> > >, std::_Select1st<std::pair<int const, std::__cxx11::basic_string<char, std::char_traits<char>, std::allocator<char> > > >, std::less<int>, std::allocator<std::pair<int const, std::__cxx11::basic_string<char, std::char_traits<char>, std::allocator<char> > > > >::_Alloc_node>(std::_Rb_tree<int, std::pair<int const, std::__cxx11::basic_string<char, std::char_traits<char>, std::allocator<char> > >, std::_Select1st<std::pair<int const, std::__cxx11::basic_string<char, std::char_traits<char>, std::allocator<char> > > >, std::less<int>, std::allocator<std::pair<int const, std::__cxx11::basic_string<char, std::char_traits<char>, std::allocator<char> > > > > const&, std::_Rb_tree<int, std::pair<int const, std::__cxx11::basic_string<char, std::char_traits<char>, std::allocator<char> > >, std::_Select1st<std::pair<int const, std::__cxx11::basic_string<char, std::char_traits<char>, std::allocator<char> > > >, std::less<int>, std::allocator<std::pair<int const, std::__cxx11::basic_string<char, std::char_traits<char>, std::allocator<char> > > > >::_Alloc_node&) (stl_tree.h:892)
==95964==    by 0x115C6A: std::_Rb_tree<int, std::pair<int const, std::__cxx11::basic_string<char, std::char_traits<char>, std::allocator<char> > >, std::_Select1st<std::pair<int const, std::__cxx11::basic_string<char, std::char_traits<char>, std::allocator<char> > > >, std::less<int>, std::allocator<std::pair<int const, std::__cxx11::basic_string<char, std::char_traits<char>, std::allocator<char> > > > >::_M_copy(std::_Rb_tree<int, std::pair<int const, std::__cxx11::basic_string<char, std::char_traits<char>, std::allocator<char> > >, std::_Select1st<std::pair<int const, std::__cxx11::basic_string<char, std::char_traits<char>, std::allocator<char> > > >, std::less<int>, std::allocator<std::pair<int const, std::__cxx11::basic_string<char, std::char_traits<char>, std::allocator<char> > > > > const&) (stl_tree.h:903)
==95964==    by 0x114F7B: std::_Rb_tree<int, std::pair<int const, std::__cxx11::basic_string<char, std::char_traits<char>, std::allocator<char> > >, std::_Select1st<std::pair<int const, std::__cxx11::basic_string<char, std::char_traits<char>, std::allocator<char> > > >, std::less<int>, std::allocator<std::pair<int const, std::__cxx11::basic_string<char, std::char_traits<char>, std::allocator<char> > > > >::_Rb_tree(std::_Rb_tree<int, std::pair<int const, std::__cxx11::basic_string<char, std::char_traits<char>, std::allocator<char> > >, std::_Select1st<std::pair<int const, std::__cxx11::basic_string<char, std::char_traits<char>, std::allocator<char> > > >, std::less<int>, std::allocator<std::pair<int const, std::__cxx11::basic_string<char, std::char_traits<char>, std::allocator<char> > > > > const&) (stl_tree.h:941)
==95964==    by 0x113D80: std::map<int, std::__cxx11::basic_string<char, std::char_traits<char>, std::allocator<char> >, std::less<int>, std::allocator<std::pair<int const, std::__cxx11::basic_string<char, std::char_traits<char>, std::allocator<char> > > > >::map(std::map<int, std::__cxx11::basic_string<char, std::char_traits<char>, std::allocator<char> >, std::less<int>, std::allocator<std::pair<int const, std::__cxx11::basic_string<char, std::char_traits<char>, std::allocator<char> > > > > const&) (stl_map.h:217)
==95964== 
==95964== 34 bytes in 2 blocks are still reachable in loss record 12 of 32
==95964==    at 0x4846FA3: operator new(unsigned long) (in /usr/libexec/valgrind/vgpreload_memcheck-amd64-linux.so)
==95964==    by 0x49D885A: void std::__cxx11::basic_string<char, std::char_traits<char>, std::allocator<char> >::_M_construct<char*>(char*, char*, std::forward_iterator_tag) (in /usr/lib/x86_64-linux-gnu/libstdc++.so.6.0.33)
==95964==    by 0x116C9C: std::pair<int const, std::__cxx11::basic_string<char, std::char_traits<char>, std::allocator<char> > >::pair(std::pair<int const, std::__cxx11::basic_string<char, std::char_traits<char>, std::allocator<char> > > const&) (stl_pair.h:187)
==95964==    by 0x1165F7: construct (new_allocator.h:205)
==95964==    by 0x1165F7: std::_Rb_tree<int, std::pair<int const, std::__cxx11::basic_string<char, std::char_traits<char>, std::allocator<char> > >, std::_Select1st<std::pair<int const, std::__cxx11::basic_string<char, std::char_traits<char>, std::allocator<char> > > >, std::less<int>, std::allocator<std::pair<int const, std::__cxx11::basic_string<char, std::char_traits<char>, std::allocator<char> > > > >::_M_construct_node(std::_Rb_tree_node<std::pair<int const, std::__cxx11::basic_string<char, std::char_traits<char>, std::allocator<char> > > >*, std::pair<int const, std::__cxx11::basic_string<char, std::char_traits<char>, std::allocator<char> > > const&) (stl_tree.h:574)
==95964==    by 0x116010: std::_Rb_tree<int, std::pair<int const, std::__cxx11::basic_string<char, std::char_traits<char>, std::allocator<char> > >, std::_Select1st<std::pair<int const, std::__cxx11::basic_string<char, std::char_traits<char>, std::allocator<char> > > >, std::less<int>, std::allocator<std::pair<int const, std::__cxx11::basic_string<char, std::char_traits<char>, std::allocator<char> > > > >::_M_create_node(std::pair<int const, std::__cxx11::basic_string<char, std::char_traits<char>, std::allocator<char> > > const&) (stl_tree.h:586)
==95964==    by 0x11596D: std::_Rb_tree_node<std::pair<int const, std::__cxx11::basic_string<char, std::char_traits<char>, std::allocator<char> > > >* std::_Rb_tree<int, std::pair<int const, std::__cxx11::basic_string<char, std::char_traits<char>, std::allocator<char> > >, std::_Select1st<std::pair<int const, std::__cxx11::basic_string<char, std::char_traits<char>, std::allocator<char> > > >, std::less<int>, std::allocator<std::pair<int const, std::__cxx11::basic_string<char, std::char_traits<char>, std::allocator<char> > > > >::_Alloc_node::operator()<std::pair<int const, std::__cxx11::basic_string<char, std::char_traits<char>, std::allocator<char> > > >(std::pair<int const, std::__cxx11::basic_string<char, std::char_traits<char>, std::allocator<char> > > const&) const (stl_tree.h:531)
==95964==    by 0x116DB3: std::_Rb_tree_node<std::pair<int const, std::__cxx11::basic_string<char, std::char_traits<char>, std::allocator<char> > > >* std::_Rb_tree<int, std::pair<int const, std::__cxx11::basic_string<char, std::char_traits<char>, std::allocator<char> > >, std::_Select1st<std::pair<int const, std::__cxx11::basic_string<char, std::char_traits<char>, std::allocator<char> > > >, std::less<int>, std::allocator<std::pair<int const, std::__cxx11::basic_string<char, std::char_traits<char>, std::allocator<char> > > > >::_M_clone_node<false, std::_Rb_tree<int, std::pair<int const, std::__cxx11::basic_string<char, std::char_traits<char>, std::allocator<char> > >, std::_Select1st<std::pair<int const, std::__cxx11::basic_string<char, std::char_traits<char>, std::allocator<char> > > >, std::less<int>, std::allocator<std::pair<int const, std::__cxx11::basic_string<char, std::char_traits<char>, std::allocator<char> > > > >::_Alloc_node>(std::_Rb_tree_node<std::pair<int const, std::__cxx11::basic_string<char, std::char_traits<char>, std::allocator<char> > > >*, std::_Rb_tree<int, std::pair<int const, std::__cxx11::basic_string<char, std::char_traits<char>, std::allocator<char> > >, std::_Select1st<std::pair<int const, std::__cxx11::basic_string<char, std::char_traits<char>, std::allocator<char> > > >, std::less<int>, std::allocator<std::pair<int const, std::__cxx11::basic_string<char, std::char_traits<char>, std::allocator<char> > > > >::_Alloc_node&) (stl_tree.h:647)
==95964==    by 0x1169C5: std::_Rb_tree_node<std::pair<int const, std::__cxx11::basic_string<char, std::char_traits<char>, std::allocator<char> > > >* std::_Rb_tree<int, std::pair<int const, std::__cxx11::basic_string<char, std::char_traits<char>, std::allocator<char> > >, std::_Select1st<std::pair<int const, std::__cxx11::basic_string<char, std::char_traits<char>, std::allocator<char> > > >, std::less<int>, std::allocator<std::pair<int const, std::__cxx11::basic_string<char, std::char_traits<char>, std::allocator<char> > > > >::_M_copy<false, std::_Rb_tree<int, std::pair<int const, std::__cxx11::basic_string<char, std::char_traits<char>, std::allocator<char> > >, std::_Select1st<std::pair<int const, std::__cxx11::basic_string<char, std::char_traits<char>, std::allocator<char> > > >, std::less<int>, std::allocator<std::pair<int const, std::__cxx11::basic_string<char, std::char_traits<char>, std::allocator<char> > > > >::_Alloc_node>(std::_Rb_tree_node<std::pair<int const, std::__cxx11::basic_string<char, std::char_traits<char>, std::allocator<char> > > >*, std::_Rb_tree_node_base*, std::_Rb_tree<int, std::pair<int const, std::__cxx11::basic_string<char, std::char_traits<char>, std::allocator<char> > >, std::_Select1st<std::pair<int const, std::__cxx11::basic_string<char, std::char_traits<char>, std::allocator<char> > > >, std::less<int>, std::allocator<std::pair<int const, std::__cxx11::basic_string<char, std::char_traits<char>, std::allocator<char> > > > >::_Alloc_node&) (stl_tree.h:1896)
==95964==    by 0x116A05: std::_Rb_tree_node<std::pair<int const, std::__cxx11::basic_string<char, std::char_traits<char>, std::allocator<char> > > >* std::_Rb_tree<int, std::pair<int const, std::__cxx11::basic_string<char, std::char_traits<char>, std::allocator<char> > >, std::_Select1st<std::pair<int const, std::__cxx11::basic_string<char, std::char_traits<char>, std::allocator<char> > > >, std::less<int>, std::allocator<std::pair<int const, std::__cxx11::basic_string<char, std::char_traits<char>, std::allocator<char> > > > >::_M_copy<false, std::_Rb_tree<int, std::pair<int const, std::__cxx11::basic_string<char, std::char_traits<char>, std::allocator<char> > >, std::_Select1st<std::pair<int const, std::__cxx11::basic_string<char, std::char_traits<char>, std::allocator<char> > > >, std::less<int>, std::allocator<std::pair<int const, std::__cxx11::basic_string<char, std::char_traits<char>, std::allocator<char> > > > >::_Alloc_node>(std::_Rb_tree_node<std::pair<int const, std::__cxx11::basic_string<char, std::char_traits<char>, std::allocator<char> > > >*, std::_Rb_tree_node_base*, std::_Rb_tree<int, std::pair<int const, std::__cxx11::basic_string<char, std::char_traits<char>, std::allocator<char> > >, std::_Select1st<std::pair<int const, std::__cxx11::basic_string<char, std::char_traits<char>, std::allocator<char> > > >, std::less<int>, std::allocator<std::pair<int const, std::__cxx11::basic_string<char, std::char_traits<char>, std::allocator<char> > > > >::_Alloc_node&) (stl_tree.h:1903)
==95964==    by 0x116206: std::_Rb_tree_node<std::pair<int const, std::__cxx11::basic_string<char, std::char_traits<char>, std::allocator<char> > > >* std::_Rb_tree<int, std::pair<int const, std::__cxx11::basic_string<char, std::char_traits<char>, std::allocator<char> > >, std::_Select1st<std::pair<int const, std::__cxx11::basic_string<char, std::char_traits<char>, std::allocator<char> > > >, std::less<int>, std::allocator<std::pair<int const, std::__cxx11::basic_string<char, std::char_traits<char>, std::allocator<char> > > > >::_M_copy<false, std::_Rb_tree<int, std::pair<int const, std::__cxx11::basic_string<char, std::char_traits<char>, std::allocator<char> > >, std::_Select1st<std::pair<int const, std::__cxx11::basic_string<char, std::char_traits<char>, std::allocator<char> > > >, std::less<int>, std::allocator<std::pair<int const, std::__cxx11::basic_string<char, std::char_traits<char>, std::allocator<char> > > > >::_Alloc_node>(std::_Rb_tree<int, std::pair<int const, std::__cxx11::basic_string<char, std::char_traits<char>, std::allocator<char> > >, std::_Select1st<std::pair<int const, std::__cxx11::basic_string<char, std::char_traits<char>, std::allocator<char> > > >, std::less<int>, std::allocator<std::pair<int const, std::__cxx11::basic_string<char, std::char_traits<char>, std::allocator<char> > > > > const&, std::_Rb_tree<int, std::pair<int const, std::__cxx11::basic_string<char, std::char_traits<char>, std::allocator<char> > >, std::_Select1st<std::pair<int const, std::__cxx11::basic_string<char, std::char_traits<char>, std::allocator<char> > > >, std::less<int>, std::allocator<std::pair<int const, std::__cxx11::basic_string<char, std::char_traits<char>, std::allocator<char> > > > >::_Alloc_node&) (stl_tree.h:892)
==95964==    by 0x115C6A: std::_Rb_tree<int, std::pair<int const, std::__cxx11::basic_string<char, std::char_traits<char>, std::allocator<char> > >, std::_Select1st<std::pair<int const, std::__cxx11::basic_string<char, std::char_traits<char>, std::allocator<char> > > >, std::less<int>, std::allocator<std::pair<int const, std::__cxx11::basic_string<char, std::char_traits<char>, std::allocator<char> > > > >::_M_copy(std::_Rb_tree<int, std::pair<int const, std::__cxx11::basic_string<char, std::char_traits<char>, std::allocator<char> > >, std::_Select1st<std::pair<int const, std::__cxx11::basic_string<char, std::char_traits<char>, std::allocator<char> > > >, std::less<int>, std::allocator<std::pair<int const, std::__cxx11::basic_string<char, std::char_traits<char>, std::allocator<char> > > > > const&) (stl_tree.h:903)
==95964==    by 0x114F7B: std::_Rb_tree<int, std::pair<int const, std::__cxx11::basic_string<char, std::char_traits<char>, std::allocator<char> > >, std::_Select1st<std::pair<int const, std::__cxx11::basic_string<char, std::char_traits<char>, std::allocator<char> > > >, std::less<int>, std::allocator<std::pair<int const, std::__cxx11::basic_string<char, std::char_traits<char>, std::allocator<char> > > > >::_Rb_tree(std::_Rb_tree<int, std::pair<int const, std::__cxx11::basic_string<char, std::char_traits<char>, std::allocator<char> > >, std::_Select1st<std::pair<int const, std::__cxx11::basic_string<char, std::char_traits<char>, std::allocator<char> > > >, std::less<int>, std::allocator<std::pair<int const, std::__cxx11::basic_string<char, std::char_traits<char>, std::allocator<char> > > > > const&) (stl_tree.h:941)
==95964== 
==95964== 59 bytes in 1 blocks are still reachable in loss record 13 of 32
==95964==    at 0x4846FA3: operator new(unsigned long) (in /usr/libexec/valgrind/vgpreload_memcheck-amd64-linux.so)
==95964==    by 0x49D885A: void std::__cxx11::basic_string<char, std::char_traits<char>, std::allocator<char> >::_M_construct<char*>(char*, char*, std::forward_iterator_tag) (in /usr/lib/x86_64-linux-gnu/libstdc++.so.6.0.33)
==95964==    by 0x113067: ServerConfig::ServerConfig(ServerConfig const&) (httpConfig.hpp:49)
==95964==    by 0x111EDD: construct (new_allocator.h:205)
==95964==    by 0x111EDD: construct<ServerConfig> (alloc_traits.h:155)
==95964==    by 0x111EDD: std::vector<ServerConfig, std::allocator<ServerConfig> >::_M_realloc_insert(__gnu_cxx::__normal_iterator<ServerConfig*, std::vector<ServerConfig, std::allocator<ServerConfig> > >, ServerConfig const&) (vector.tcc:468)
==95964==    by 0x110C05: std::vector<ServerConfig, std::allocator<ServerConfig> >::push_back(ServerConfig const&) (stl_vector.h:1292)
==95964==    by 0x10F1E0: ConfigParser::parseHttpBlock(std::istream&, HttpConfig&) (configParser.cpp:232)
==95964==    by 0x10F565: ConfigParser::parse() (configParser.cpp:251)
==95964==    by 0x134D37: main (main.cpp:47)
==95964== 
==95964== 61 bytes in 1 blocks are still reachable in loss record 14 of 32
==95964==    at 0x4846FA3: operator new(unsigned long) (in /usr/libexec/valgrind/vgpreload_memcheck-amd64-linux.so)
==95964==    by 0x49D885A: void std::__cxx11::basic_string<char, std::char_traits<char>, std::allocator<char> >::_M_construct<char*>(char*, char*, std::forward_iterator_tag) (in /usr/lib/x86_64-linux-gnu/libstdc++.so.6.0.33)
==95964==    by 0x113067: ServerConfig::ServerConfig(ServerConfig const&) (httpConfig.hpp:49)
==95964==    by 0x115E02: void std::_Construct<ServerConfig, ServerConfig>(ServerConfig*, ServerConfig const&) (stl_construct.h:128)
==95964==    by 0x1162D2: ServerConfig* std::__do_uninit_copy<ServerConfig*, ServerConfig*>(ServerConfig*, ServerConfig*, ServerConfig*) (stl_uninitialized.h:120)
==95964==    by 0x115DBC: ServerConfig* std::__uninitialized_copy<false>::__uninit_copy<ServerConfig*, ServerConfig*>(ServerConfig*, ServerConfig*, ServerConfig*) (stl_uninitialized.h:137)
==95964==    by 0x115213: ServerConfig* std::uninitialized_copy<ServerConfig*, ServerConfig*>(ServerConfig*, ServerConfig*, ServerConfig*) (stl_uninitialized.h:185)
==95964==    by 0x113E9C: ServerConfig* std::__uninitialized_copy_a<ServerConfig*, ServerConfig*, ServerConfig>(ServerConfig*, ServerConfig*, ServerConfig*, std::allocator<ServerConfig>&) (stl_uninitialized.h:373)
==95964==    by 0x113391: ServerConfig* std::__uninitialized_move_if_noexcept_a<ServerConfig*, ServerConfig*, std::allocator<ServerConfig> >(ServerConfig*, ServerConfig*, ServerConfig*, std::allocator<ServerConfig>&) (stl_uninitialized.h:399)
==95964==    by 0x111F27: std::vector<ServerConfig, std::allocator<ServerConfig> >::_M_realloc_insert(__gnu_cxx::__normal_iterator<ServerConfig*, std::vector<ServerConfig, std::allocator<ServerConfig> > >, ServerConfig const&) (vector.tcc:493)
==95964==    by 0x110C05: std::vector<ServerConfig, std::allocator<ServerConfig> >::push_back(ServerConfig const&) (stl_vector.h:1292)
==95964==    by 0x10F1E0: ConfigParser::parseHttpBlock(std::istream&, HttpConfig&) (configParser.cpp:232)
==95964== 
==95964== 64 bytes in 1 blocks are still reachable in loss record 15 of 32
==95964==    at 0x4846FA3: operator new(unsigned long) (in /usr/libexec/valgrind/vgpreload_memcheck-amd64-linux.so)
==95964==    by 0x1146B9: std::__new_allocator<std::__cxx11::basic_string<char, std::char_traits<char>, std::allocator<char> > >::allocate(unsigned long, void const*) (new_allocator.h:151)
==95964==    by 0x112986: allocate (alloc_traits.h:140)
==95964==    by 0x112986: std::_Vector_base<std::__cxx11::basic_string<char, std::char_traits<char>, std::allocator<char> >, std::allocator<std::__cxx11::basic_string<char, std::char_traits<char>, std::allocator<char> > > >::_M_allocate(unsigned long) (stl_vector.h:381)
==95964==    by 0x1159DC: std::_Vector_base<std::__cxx11::basic_string<char, std::char_traits<char>, std::allocator<char> >, std::allocator<std::__cxx11::basic_string<char, std::char_traits<char>, std::allocator<char> > > >::_M_create_storage(unsigned long) (stl_vector.h:398)
==95964==    by 0x114C50: std::_Vector_base<std::__cxx11::basic_string<char, std::char_traits<char>, std::allocator<char> >, std::allocator<std::__cxx11::basic_string<char, std::char_traits<char>, std::allocator<char> > > >::_Vector_base(unsigned long, std::allocator<std::__cxx11::basic_string<char, std::char_traits<char>, std::allocator<char> > > const&) (stl_vector.h:335)
==95964==    by 0x113C2C: std::vector<std::__cxx11::basic_string<char, std::char_traits<char>, std::allocator<char> >, std::allocator<std::__cxx11::basic_string<char, std::char_traits<char>, std::allocator<char> > > >::vector(std::vector<std::__cxx11::basic_string<char, std::char_traits<char>, std::allocator<char> >, std::allocator<std::__cxx11::basic_string<char, std::char_traits<char>, std::allocator<char> > > > const&) (stl_vector.h:603)
==95964==    by 0x113082: ServerConfig::ServerConfig(ServerConfig const&) (httpConfig.hpp:49)
==95964==    by 0x115E02: void std::_Construct<ServerConfig, ServerConfig>(ServerConfig*, ServerConfig const&) (stl_construct.h:128)
==95964==    by 0x1162D2: ServerConfig* std::__do_uninit_copy<ServerConfig*, ServerConfig*>(ServerConfig*, ServerConfig*, ServerConfig*) (stl_uninitialized.h:120)
==95964==    by 0x115DBC: ServerConfig* std::__uninitialized_copy<false>::__uninit_copy<ServerConfig*, ServerConfig*>(ServerConfig*, ServerConfig*, ServerConfig*) (stl_uninitialized.h:137)
==95964==    by 0x115213: ServerConfig* std::uninitialized_copy<ServerConfig*, ServerConfig*>(ServerConfig*, ServerConfig*, ServerConfig*) (stl_uninitialized.h:185)
==95964==    by 0x113E9C: ServerConfig* std::__uninitialized_copy_a<ServerConfig*, ServerConfig*, ServerConfig>(ServerConfig*, ServerConfig*, ServerConfig*, std::allocator<ServerConfig>&) (stl_uninitialized.h:373)
==95964== 
==95964== 64 bytes in 1 blocks are still reachable in loss record 16 of 32
==95964==    at 0x4846FA3: operator new(unsigned long) (in /usr/libexec/valgrind/vgpreload_memcheck-amd64-linux.so)
==95964==    by 0x12A03D: std::__new_allocator<int>::allocate(unsigned long, void const*) (new_allocator.h:151)
==95964==    by 0x123FC6: allocate (alloc_traits.h:140)
==95964==    by 0x123FC6: std::_Vector_base<int, std::allocator<int> >::_M_allocate(unsigned long) (stl_vector.h:381)
==95964==    by 0x120D9F: std::vector<int, std::allocator<int> >::_M_realloc_insert(__gnu_cxx::__normal_iterator<int*, std::vector<int, std::allocator<int> > >, int const&) (vector.tcc:459)
==95964==    by 0x11E65D: std::vector<int, std::allocator<int> >::push_back(int const&) (stl_vector.h:1292)
==95964==    by 0x118C84: Server::handleNewConnection(unsigned long) (server.cpp:115)
==95964==    by 0x11CC91: Server::run() (server.cpp:593)
==95964==    by 0x134D8D: main (main.cpp:55)
==95964== 
==95964== 128 bytes in 1 blocks are still reachable in loss record 17 of 32
==95964==    at 0x4846FA3: operator new(unsigned long) (in /usr/libexec/valgrind/vgpreload_memcheck-amd64-linux.so)
==95964==    by 0x1297C1: std::__new_allocator<pollfd>::allocate(unsigned long, void const*) (new_allocator.h:151)
==95964==    by 0x12385A: allocate (alloc_traits.h:140)
==95964==    by 0x12385A: std::_Vector_base<pollfd, std::allocator<pollfd> >::_M_allocate(unsigned long) (stl_vector.h:381)
==95964==    by 0x12038F: std::vector<pollfd, std::allocator<pollfd> >::_M_realloc_insert(__gnu_cxx::__normal_iterator<pollfd*, std::vector<pollfd, std::allocator<pollfd> > >, pollfd const&) (vector.tcc:459)
==95964==    by 0x11E315: std::vector<pollfd, std::allocator<pollfd> >::push_back(pollfd const&) (stl_vector.h:1292)
==95964==    by 0x118C67: Server::handleNewConnection(unsigned long) (server.cpp:114)
==95964==    by 0x11CC91: Server::run() (server.cpp:593)
==95964==    by 0x134D8D: main (main.cpp:55)
==95964== 
==95964== 128 bytes in 2 blocks are still reachable in loss record 18 of 32
==95964==    at 0x4846FA3: operator new(unsigned long) (in /usr/libexec/valgrind/vgpreload_memcheck-amd64-linux.so)
==95964==    by 0x12E299: std::__new_allocator<std::_Rb_tree_node<std::pair<int const, std::vector<ServerConfig const*, std::allocator<ServerConfig const*> > > > >::allocate(unsigned long, void const*) (new_allocator.h:151)
==95964==    by 0x12D783: allocate (alloc_traits.h:140)
==95964==    by 0x12D783: std::_Rb_tree<int, std::pair<int const, std::vector<ServerConfig const*, std::allocator<ServerConfig const*> > >, std::_Select1st<std::pair<int const, std::vector<ServerConfig const*, std::allocator<ServerConfig const*> > > >, std::less<int>, std::allocator<std::pair<int const, std::vector<ServerConfig const*, std::allocator<ServerConfig const*> > > > >::_M_get_node() (stl_tree.h:563)
==95964==    by 0x12CFCF: std::_Rb_tree<int, std::pair<int const, std::vector<ServerConfig const*, std::allocator<ServerConfig const*> > >, std::_Select1st<std::pair<int const, std::vector<ServerConfig const*, std::allocator<ServerConfig const*> > > >, std::less<int>, std::allocator<std::pair<int const, std::vector<ServerConfig const*, std::allocator<ServerConfig const*> > > > >::_M_create_node(std::pair<int const, std::vector<ServerConfig const*, std::allocator<ServerConfig const*> > > const&) (stl_tree.h:585)
==95964==    by 0x12BF87: std::_Rb_tree_node<std::pair<int const, std::vector<ServerConfig const*, std::allocator<ServerConfig const*> > > >* std::_Rb_tree<int, std::pair<int const, std::vector<ServerConfig const*, std::allocator<ServerConfig const*> > >, std::_Select1st<std::pair<int const, std::vector<ServerConfig const*, std::allocator<ServerConfig const*> > > >, std::less<int>, std::allocator<std::pair<int const, std::vector<ServerConfig const*, std::allocator<ServerConfig const*> > > > >::_Alloc_node::operator()<std::pair<int const, std::vector<ServerConfig const*, std::allocator<ServerConfig const*> > > >(std::pair<int const, std::vector<ServerConfig const*, std::allocator<ServerConfig const*> > > const&) const (stl_tree.h:531)
==95964==    by 0x129D8E: std::_Rb_tree_iterator<std::pair<int const, std::vector<ServerConfig const*, std::allocator<ServerConfig const*> > > > std::_Rb_tree<int, std::pair<int const, std::vector<ServerConfig const*, std::allocator<ServerConfig const*> > >, std::_Select1st<std::pair<int const, std::vector<ServerConfig const*, std::allocator<ServerConfig const*> > > >, std::less<int>, std::allocator<std::pair<int const, std::vector<ServerConfig const*, std::allocator<ServerConfig const*> > > > >::_M_insert_<std::_Rb_tree<int, std::pair<int const, std::vector<ServerConfig const*, std::allocator<ServerConfig const*> > >, std::_Select1st<std::pair<int const, std::vector<ServerConfig const*, std::allocator<ServerConfig const*> > > >, std::less<int>, std::allocator<std::pair<int const, std::vector<ServerConfig const*, std::allocator<ServerConfig const*> > > > >::_Alloc_node>(std::_Rb_tree_node_base*, std::_Rb_tree_node_base*, std::pair<int const, std::vector<ServerConfig const*, std::allocator<ServerConfig const*> > > const&, std::_Rb_tree<int, std::pair<int const, std::vector<ServerConfig const*, std::allocator<ServerConfig const*> > >, std::_Select1st<std::pair<int const, std::vector<ServerConfig const*, std::allocator<ServerConfig const*> > > >, std::less<int>, std::allocator<std::pair<int const, std::vector<ServerConfig const*, std::allocator<ServerConfig const*> > > > >::_Alloc_node&) (stl_tree.h:1831)
==95964==    by 0x126F51: std::_Rb_tree_iterator<std::pair<int const, std::vector<ServerConfig const*, std::allocator<ServerConfig const*> > > > std::_Rb_tree<int, std::pair<int const, std::vector<ServerConfig const*, std::allocator<ServerConfig const*> > >, std::_Select1st<std::pair<int const, std::vector<ServerConfig const*, std::allocator<ServerConfig const*> > > >, std::less<int>, std::allocator<std::pair<int const, std::vector<ServerConfig const*, std::allocator<ServerConfig const*> > > > >::_M_insert_unique_<std::_Rb_tree<int, std::pair<int const, std::vector<ServerConfig const*, std::allocator<ServerConfig const*> > >, std::_Select1st<std::pair<int const, std::vector<ServerConfig const*, std::allocator<ServerConfig const*> > > >, std::less<int>, std::allocator<std::pair<int const, std::vector<ServerConfig const*, std::allocator<ServerConfig const*> > > > >::_Alloc_node>(std::_Rb_tree_const_iterator<std::pair<int const, std::vector<ServerConfig const*, std::allocator<ServerConfig const*> > > >, std::pair<int const, std::vector<ServerConfig const*, std::allocator<ServerConfig const*> > > const&, std::_Rb_tree<int, std::pair<int const, std::vector<ServerConfig const*, std::allocator<ServerConfig const*> > >, std::_Select1st<std::pair<int const, std::vector<ServerConfig const*, std::allocator<ServerConfig const*> > > >, std::less<int>, std::allocator<std::pair<int const, std::vector<ServerConfig const*, std::allocator<ServerConfig const*> > > > >::_Alloc_node&) (stl_tree.h:2284)
==95964==    by 0x123B83: std::_Rb_tree<int, std::pair<int const, std::vector<ServerConfig const*, std::allocator<ServerConfig const*> > >, std::_Select1st<std::pair<int const, std::vector<ServerConfig const*, std::allocator<ServerConfig const*> > > >, std::less<int>, std::allocator<std::pair<int const, std::vector<ServerConfig const*, std::allocator<ServerConfig const*> > > > >::_M_insert_unique_(std::_Rb_tree_const_iterator<std::pair<int const, std::vector<ServerConfig const*, std::allocator<ServerConfig const*> > > >, std::pair<int const, std::vector<ServerConfig const*, std::allocator<ServerConfig const*> > > const&) (stl_tree.h:1147)
==95964==    by 0x1208B1: std::map<int, std::vector<ServerConfig const*, std::allocator<ServerConfig const*> >, std::less<int>, std::allocator<std::pair<int const, std::vector<ServerConfig const*, std::allocator<ServerConfig const*> > > > >::insert(std::_Rb_tree_iterator<std::pair<int const, std::vector<ServerConfig const*, std::allocator<ServerConfig const*> > > >, std::pair<int const, std::vector<ServerConfig const*, std::allocator<ServerConfig const*> > > const&) (stl_map.h:914)
==95964==    by 0x11E443: std::map<int, std::vector<ServerConfig const*, std::allocator<ServerConfig const*> >, std::less<int>, std::allocator<std::pair<int const, std::vector<ServerConfig const*, std::allocator<ServerConfig const*> > > > >::operator[](int const&) (stl_map.h:517)
==95964==    by 0x1189A8: Server::setupListeningSockets() (server.cpp:91)
==95964==    by 0x1182A2: Server::Server(HttpConfig const&, MimeTypes&) (server.cpp:27)
==95964== 
==95964== 128 bytes in 4 blocks are still reachable in loss record 19 of 32
==95964==    at 0x4846FA3: operator new(unsigned long) (in /usr/libexec/valgrind/vgpreload_memcheck-amd64-linux.so)
==95964==    by 0x1146B9: std::__new_allocator<std::__cxx11::basic_string<char, std::char_traits<char>, std::allocator<char> > >::allocate(unsigned long, void const*) (new_allocator.h:151)
==95964==    by 0x112986: allocate (alloc_traits.h:140)
==95964==    by 0x112986: std::_Vector_base<std::__cxx11::basic_string<char, std::char_traits<char>, std::allocator<char> >, std::allocator<std::__cxx11::basic_string<char, std::char_traits<char>, std::allocator<char> > > >::_M_allocate(unsigned long) (stl_vector.h:381)
==95964==    by 0x1159DC: std::_Vector_base<std::__cxx11::basic_string<char, std::char_traits<char>, std::allocator<char> >, std::allocator<std::__cxx11::basic_string<char, std::char_traits<char>, std::allocator<char> > > >::_M_create_storage(unsigned long) (stl_vector.h:398)
==95964==    by 0x114C50: std::_Vector_base<std::__cxx11::basic_string<char, std::char_traits<char>, std::allocator<char> >, std::allocator<std::__cxx11::basic_string<char, std::char_traits<char>, std::allocator<char> > > >::_Vector_base(unsigned long, std::allocator<std::__cxx11::basic_string<char, std::char_traits<char>, std::allocator<char> > > const&) (stl_vector.h:335)
==95964==    by 0x113C2C: std::vector<std::__cxx11::basic_string<char, std::char_traits<char>, std::allocator<char> >, std::allocator<std::__cxx11::basic_string<char, std::char_traits<char>, std::allocator<char> > > >::vector(std::vector<std::__cxx11::basic_string<char, std::char_traits<char>, std::allocator<char> >, std::allocator<std::__cxx11::basic_string<char, std::char_traits<char>, std::allocator<char> > > > const&) (stl_vector.h:603)
==95964==    by 0x112BB5: LocationConfig::LocationConfig(LocationConfig const&) (httpConfig.hpp:31)
==95964==    by 0x11695F: void std::_Construct<LocationConfig, LocationConfig>(LocationConfig*, LocationConfig const&) (stl_construct.h:128)
==95964==    by 0x116B84: LocationConfig* std::__do_uninit_copy<__gnu_cxx::__normal_iterator<LocationConfig const*, std::vector<LocationConfig, std::allocator<LocationConfig> > >, LocationConfig*>(__gnu_cxx::__normal_iterator<LocationConfig const*, std::vector<LocationConfig, std::allocator<LocationConfig> > >, __gnu_cxx::__normal_iterator<LocationConfig const*, std::vector<LocationConfig, std::allocator<LocationConfig> > >, LocationConfig*) (stl_uninitialized.h:120)
==95964==    by 0x11628F: LocationConfig* std::__uninitialized_copy<false>::__uninit_copy<__gnu_cxx::__normal_iterator<LocationConfig const*, std::vector<LocationConfig, std::allocator<LocationConfig> > >, LocationConfig*>(__gnu_cxx::__normal_iterator<LocationConfig const*, std::vector<LocationConfig, std::allocator<LocationConfig> > >, __gnu_cxx::__normal_iterator<LocationConfig const*, std::vector<LocationConfig, std::allocator<LocationConfig> > >, LocationConfig*) (stl_uninitialized.h:137)
==95964==    by 0x115D8B: LocationConfig* std::uninitialized_copy<__gnu_cxx::__normal_iterator<LocationConfig const*, std::vector<LocationConfig, std::allocator<LocationConfig> > >, LocationConfig*>(__gnu_cxx::__normal_iterator<LocationConfig const*, std::vector<LocationConfig, std::allocator<LocationConfig> > >, __gnu_cxx::__normal_iterator<LocationConfig const*, std::vector<LocationConfig, std::allocator<LocationConfig> > >, LocationConfig*) (stl_uninitialized.h:185)
==95964==    by 0x1150DA: LocationConfig* std::__uninitialized_copy_a<__gnu_cxx::__normal_iterator<LocationConfig const*, std::vector<LocationConfig, std::allocator<LocationConfig> > >, LocationConfig*, LocationConfig>(__gnu_cxx::__normal_iterator<LocationConfig const*, std::vector<LocationConfig, std::allocator<LocationConfig> > >, __gnu_cxx::__normal_iterator<LocationConfig const*, std::vector<LocationConfig, std::allocator<LocationConfig> > >, LocationConfig*, std::allocator<LocationConfig>&) (stl_uninitialized.h:373)
==95964== 
==95964== 144 bytes in 2 blocks are still reachable in loss record 20 of 32
==95964==    at 0x4846FA3: operator new(unsigned long) (in /usr/libexec/valgrind/vgpreload_memcheck-amd64-linux.so)
==95964==    by 0x116F45: std::__new_allocator<std::_Rb_tree_node<std::pair<int const, std::__cxx11::basic_string<char, std::char_traits<char>, std::allocator<char> > > > >::allocate(unsigned long, void const*) (new_allocator.h:151)
==95964==    by 0x116571: allocate (alloc_traits.h:140)
==95964==    by 0x116571: std::_Rb_tree<int, std::pair<int const, std::__cxx11::basic_string<char, std::char_traits<char>, std::allocator<char> > >, std::_Select1st<std::pair<int const, std::__cxx11::basic_string<char, std::char_traits<char>, std::allocator<char> > > >, std::less<int>, std::allocator<std::pair<int const, std::__cxx11::basic_string<char, std::char_traits<char>, std::allocator<char> > > > >::_M_get_node() (stl_tree.h:563)
==95964==    by 0x115FF5: std::_Rb_tree<int, std::pair<int const, std::__cxx11::basic_string<char, std::char_traits<char>, std::allocator<char> > >, std::_Select1st<std::pair<int const, std::__cxx11::basic_string<char, std::char_traits<char>, std::allocator<char> > > >, std::less<int>, std::allocator<std::pair<int const, std::__cxx11::basic_string<char, std::char_traits<char>, std::allocator<char> > > > >::_M_create_node(std::pair<int const, std::__cxx11::basic_string<char, std::char_traits<char>, std::allocator<char> > > const&) (stl_tree.h:585)
==95964==    by 0x11596D: std::_Rb_tree_node<std::pair<int const, std::__cxx11::basic_string<char, std::char_traits<char>, std::allocator<char> > > >* std::_Rb_tree<int, std::pair<int const, std::__cxx11::basic_string<char, std::char_traits<char>, std::allocator<char> > >, std::_Select1st<std::pair<int const, std::__cxx11::basic_string<char, std::char_traits<char>, std::allocator<char> > > >, std::less<int>, std::allocator<std::pair<int const, std::__cxx11::basic_string<char, std::char_traits<char>, std::allocator<char> > > > >::_Alloc_node::operator()<std::pair<int const, std::__cxx11::basic_string<char, std::char_traits<char>, std::allocator<char> > > >(std::pair<int const, std::__cxx11::basic_string<char, std::char_traits<char>, std::allocator<char> > > const&) const (stl_tree.h:531)
==95964==    by 0x116DB3: std::_Rb_tree_node<std::pair<int const, std::__cxx11::basic_string<char, std::char_traits<char>, std::allocator<char> > > >* std::_Rb_tree<int, std::pair<int const, std::__cxx11::basic_string<char, std::char_traits<char>, std::allocator<char> > >, std::_Select1st<std::pair<int const, std::__cxx11::basic_string<char, std::char_traits<char>, std::allocator<char> > > >, std::less<int>, std::allocator<std::pair<int const, std::__cxx11::basic_string<char, std::char_traits<char>, std::allocator<char> > > > >::_M_clone_node<false, std::_Rb_tree<int, std::pair<int const, std::__cxx11::basic_string<char, std::char_traits<char>, std::allocator<char> > >, std::_Select1st<std::pair<int const, std::__cxx11::basic_string<char, std::char_traits<char>, std::allocator<char> > > >, std::less<int>, std::allocator<std::pair<int const, std::__cxx11::basic_string<char, std::char_traits<char>, std::allocator<char> > > > >::_Alloc_node>(std::_Rb_tree_node<std::pair<int const, std::__cxx11::basic_string<char, std::char_traits<char>, std::allocator<char> > > >*, std::_Rb_tree<int, std::pair<int const, std::__cxx11::basic_string<char, std::char_traits<char>, std::allocator<char> > >, std::_Select1st<std::pair<int const, std::__cxx11::basic_string<char, std::char_traits<char>, std::allocator<char> > > >, std::less<int>, std::allocator<std::pair<int const, std::__cxx11::basic_string<char, std::char_traits<char>, std::allocator<char> > > > >::_Alloc_node&) (stl_tree.h:647)
==95964==    by 0x1169C5: std::_Rb_tree_node<std::pair<int const, std::__cxx11::basic_string<char, std::char_traits<char>, std::allocator<char> > > >* std::_Rb_tree<int, std::pair<int const, std::__cxx11::basic_string<char, std::char_traits<char>, std::allocator<char> > >, std::_Select1st<std::pair<int const, std::__cxx11::basic_string<char, std::char_traits<char>, std::allocator<char> > > >, std::less<int>, std::allocator<std::pair<int const, std::__cxx11::basic_string<char, std::char_traits<char>, std::allocator<char> > > > >::_M_copy<false, std::_Rb_tree<int, std::pair<int const, std::__cxx11::basic_string<char, std::char_traits<char>, std::allocator<char> > >, std::_Select1st<std::pair<int const, std::__cxx11::basic_string<char, std::char_traits<char>, std::allocator<char> > > >, std::less<int>, std::allocator<std::pair<int const, std::__cxx11::basic_string<char, std::char_traits<char>, std::allocator<char> > > > >::_Alloc_node>(std::_Rb_tree_node<std::pair<int const, std::__cxx11::basic_string<char, std::char_traits<char>, std::allocator<char> > > >*, std::_Rb_tree_node_base*, std::_Rb_tree<int, std::pair<int const, std::__cxx11::basic_string<char, std::char_traits<char>, std::allocator<char> > >, std::_Select1st<std::pair<int const, std::__cxx11::basic_string<char, std::char_traits<char>, std::allocator<char> > > >, std::less<int>, std::allocator<std::pair<int const, std::__cxx11::basic_string<char, std::char_traits<char>, std::allocator<char> > > > >::_Alloc_node&) (stl_tree.h:1896)
==95964==    by 0x116206: std::_Rb_tree_node<std::pair<int const, std::__cxx11::basic_string<char, std::char_traits<char>, std::allocator<char> > > >* std::_Rb_tree<int, std::pair<int const, std::__cxx11::basic_string<char, std::char_traits<char>, std::allocator<char> > >, std::_Select1st<std::pair<int const, std::__cxx11::basic_string<char, std::char_traits<char>, std::allocator<char> > > >, std::less<int>, std::allocator<std::pair<int const, std::__cxx11::basic_string<char, std::char_traits<char>, std::allocator<char> > > > >::_M_copy<false, std::_Rb_tree<int, std::pair<int const, std::__cxx11::basic_string<char, std::char_traits<char>, std::allocator<char> > >, std::_Select1st<std::pair<int const, std::__cxx11::basic_string<char, std::char_traits<char>, std::allocator<char> > > >, std::less<int>, std::allocator<std::pair<int const, std::__cxx11::basic_string<char, std::char_traits<char>, std::allocator<char> > > > >::_Alloc_node>(std::_Rb_tree<int, std::pair<int const, std::__cxx11::basic_string<char, std::char_traits<char>, std::allocator<char> > >, std::_Select1st<std::pair<int const, std::__cxx11::basic_string<char, std::char_traits<char>, std::allocator<char> > > >, std::less<int>, std::allocator<std::pair<int const, std::__cxx11::basic_string<char, std::char_traits<char>, std::allocator<char> > > > > const&, std::_Rb_tree<int, std::pair<int const, std::__cxx11::basic_string<char, std::char_traits<char>, std::allocator<char> > >, std::_Select1st<std::pair<int const, std::__cxx11::basic_string<char, std::char_traits<char>, std::allocator<char> > > >, std::less<int>, std::allocator<std::pair<int const, std::__cxx11::basic_string<char, std::char_traits<char>, std::allocator<char> > > > >::_Alloc_node&) (stl_tree.h:892)
==95964==    by 0x115C6A: std::_Rb_tree<int, std::pair<int const, std::__cxx11::basic_string<char, std::char_traits<char>, std::allocator<char> > >, std::_Select1st<std::pair<int const, std::__cxx11::basic_string<char, std::char_traits<char>, std::allocator<char> > > >, std::less<int>, std::allocator<std::pair<int const, std::__cxx11::basic_string<char, std::char_traits<char>, std::allocator<char> > > > >::_M_copy(std::_Rb_tree<int, std::pair<int const, std::__cxx11::basic_string<char, std::char_traits<char>, std::allocator<char> > >, std::_Select1st<std::pair<int const, std::__cxx11::basic_string<char, std::char_traits<char>, std::allocator<char> > > >, std::less<int>, std::allocator<std::pair<int const, std::__cxx11::basic_string<char, std::char_traits<char>, std::allocator<char> > > > > const&) (stl_tree.h:903)
==95964==    by 0x114F7B: std::_Rb_tree<int, std::pair<int const, std::__cxx11::basic_string<char, std::char_traits<char>, std::allocator<char> > >, std::_Select1st<std::pair<int const, std::__cxx11::basic_string<char, std::char_traits<char>, std::allocator<char> > > >, std::less<int>, std::allocator<std::pair<int const, std::__cxx11::basic_string<char, std::char_traits<char>, std::allocator<char> > > > >::_Rb_tree(std::_Rb_tree<int, std::pair<int const, std::__cxx11::basic_string<char, std::char_traits<char>, std::allocator<char> > >, std::_Select1st<std::pair<int const, std::__cxx11::basic_string<char, std::char_traits<char>, std::allocator<char> > > >, std::less<int>, std::allocator<std::pair<int const, std::__cxx11::basic_string<char, std::char_traits<char>, std::allocator<char> > > > > const&) (stl_tree.h:941)
==95964==    by 0x113D80: std::map<int, std::__cxx11::basic_string<char, std::char_traits<char>, std::allocator<char> >, std::less<int>, std::allocator<std::pair<int const, std::__cxx11::basic_string<char, std::char_traits<char>, std::allocator<char> > > > >::map(std::map<int, std::__cxx11::basic_string<char, std::char_traits<char>, std::allocator<char> >, std::less<int>, std::allocator<std::pair<int const, std::__cxx11::basic_string<char, std::char_traits<char>, std::allocator<char> > > > > const&) (stl_map.h:217)
==95964==    by 0x1130AD: ServerConfig::ServerConfig(ServerConfig const&) (httpConfig.hpp:49)
==95964== 
==95964== 144 bytes in 2 blocks are still reachable in loss record 21 of 32
==95964==    at 0x4846FA3: operator new(unsigned long) (in /usr/libexec/valgrind/vgpreload_memcheck-amd64-linux.so)
==95964==    by 0x116F45: std::__new_allocator<std::_Rb_tree_node<std::pair<int const, std::__cxx11::basic_string<char, std::char_traits<char>, std::allocator<char> > > > >::allocate(unsigned long, void const*) (new_allocator.h:151)
==95964==    by 0x116571: allocate (alloc_traits.h:140)
==95964==    by 0x116571: std::_Rb_tree<int, std::pair<int const, std::__cxx11::basic_string<char, std::char_traits<char>, std::allocator<char> > >, std::_Select1st<std::pair<int const, std::__cxx11::basic_string<char, std::char_traits<char>, std::allocator<char> > > >, std::less<int>, std::allocator<std::pair<int const, std::__cxx11::basic_string<char, std::char_traits<char>, std::allocator<char> > > > >::_M_get_node() (stl_tree.h:563)
==95964==    by 0x115FF5: std::_Rb_tree<int, std::pair<int const, std::__cxx11::basic_string<char, std::char_traits<char>, std::allocator<char> > >, std::_Select1st<std::pair<int const, std::__cxx11::basic_string<char, std::char_traits<char>, std::allocator<char> > > >, std::less<int>, std::allocator<std::pair<int const, std::__cxx11::basic_string<char, std::char_traits<char>, std::allocator<char> > > > >::_M_create_node(std::pair<int const, std::__cxx11::basic_string<char, std::char_traits<char>, std::allocator<char> > > const&) (stl_tree.h:585)
==95964==    by 0x11596D: std::_Rb_tree_node<std::pair<int const, std::__cxx11::basic_string<char, std::char_traits<char>, std::allocator<char> > > >* std::_Rb_tree<int, std::pair<int const, std::__cxx11::basic_string<char, std::char_traits<char>, std::allocator<char> > >, std::_Select1st<std::pair<int const, std::__cxx11::basic_string<char, std::char_traits<char>, std::allocator<char> > > >, std::less<int>, std::allocator<std::pair<int const, std::__cxx11::basic_string<char, std::char_traits<char>, std::allocator<char> > > > >::_Alloc_node::operator()<std::pair<int const, std::__cxx11::basic_string<char, std::char_traits<char>, std::allocator<char> > > >(std::pair<int const, std::__cxx11::basic_string<char, std::char_traits<char>, std::allocator<char> > > const&) const (stl_tree.h:531)
==95964==    by 0x116DB3: std::_Rb_tree_node<std::pair<int const, std::__cxx11::basic_string<char, std::char_traits<char>, std::allocator<char> > > >* std::_Rb_tree<int, std::pair<int const, std::__cxx11::basic_string<char, std::char_traits<char>, std::allocator<char> > >, std::_Select1st<std::pair<int const, std::__cxx11::basic_string<char, std::char_traits<char>, std::allocator<char> > > >, std::less<int>, std::allocator<std::pair<int const, std::__cxx11::basic_string<char, std::char_traits<char>, std::allocator<char> > > > >::_M_clone_node<false, std::_Rb_tree<int, std::pair<int const, std::__cxx11::basic_string<char, std::char_traits<char>, std::allocator<char> > >, std::_Select1st<std::pair<int const, std::__cxx11::basic_string<char, std::char_traits<char>, std::allocator<char> > > >, std::less<int>, std::allocator<std::pair<int const, std::__cxx11::basic_string<char, std::char_traits<char>, std::allocator<char> > > > >::_Alloc_node>(std::_Rb_tree_node<std::pair<int const, std::__cxx11::basic_string<char, std::char_traits<char>, std::allocator<char> > > >*, std::_Rb_tree<int, std::pair<int const, std::__cxx11::basic_string<char, std::char_traits<char>, std::allocator<char> > >, std::_Select1st<std::pair<int const, std::__cxx11::basic_string<char, std::char_traits<char>, std::allocator<char> > > >, std::less<int>, std::allocator<std::pair<int const, std::__cxx11::basic_string<char, std::char_traits<char>, std::allocator<char> > > > >::_Alloc_node&) (stl_tree.h:647)
==95964==    by 0x1169C5: std::_Rb_tree_node<std::pair<int const, std::__cxx11::basic_string<char, std::char_traits<char>, std::allocator<char> > > >* std::_Rb_tree<int, std::pair<int const, std::__cxx11::basic_string<char, std::char_traits<char>, std::allocator<char> > >, std::_Select1st<std::pair<int const, std::__cxx11::basic_string<char, std::char_traits<char>, std::allocator<char> > > >, std::less<int>, std::allocator<std::pair<int const, std::__cxx11::basic_string<char, std::char_traits<char>, std::allocator<char> > > > >::_M_copy<false, std::_Rb_tree<int, std::pair<int const, std::__cxx11::basic_string<char, std::char_traits<char>, std::allocator<char> > >, std::_Select1st<std::pair<int const, std::__cxx11::basic_string<char, std::char_traits<char>, std::allocator<char> > > >, std::less<int>, std::allocator<std::pair<int const, std::__cxx11::basic_string<char, std::char_traits<char>, std::allocator<char> > > > >::_Alloc_node>(std::_Rb_tree_node<std::pair<int const, std::__cxx11::basic_string<char, std::char_traits<char>, std::allocator<char> > > >*, std::_Rb_tree_node_base*, std::_Rb_tree<int, std::pair<int const, std::__cxx11::basic_string<char, std::char_traits<char>, std::allocator<char> > >, std::_Select1st<std::pair<int const, std::__cxx11::basic_string<char, std::char_traits<char>, std::allocator<char> > > >, std::less<int>, std::allocator<std::pair<int const, std::__cxx11::basic_string<char, std::char_traits<char>, std::allocator<char> > > > >::_Alloc_node&) (stl_tree.h:1896)
==95964==    by 0x116A05: std::_Rb_tree_node<std::pair<int const, std::__cxx11::basic_string<char, std::char_traits<char>, std::allocator<char> > > >* std::_Rb_tree<int, std::pair<int const, std::__cxx11::basic_string<char, std::char_traits<char>, std::allocator<char> > >, std::_Select1st<std::pair<int const, std::__cxx11::basic_string<char, std::char_traits<char>, std::allocator<char> > > >, std::less<int>, std::allocator<std::pair<int const, std::__cxx11::basic_string<char, std::char_traits<char>, std::allocator<char> > > > >::_M_copy<false, std::_Rb_tree<int, std::pair<int const, std::__cxx11::basic_string<char, std::char_traits<char>, std::allocator<char> > >, std::_Select1st<std::pair<int const, std::__cxx11::basic_string<char, std::char_traits<char>, std::allocator<char> > > >, std::less<int>, std::allocator<std::pair<int const, std::__cxx11::basic_string<char, std::char_traits<char>, std::allocator<char> > > > >::_Alloc_node>(std::_Rb_tree_node<std::pair<int const, std::__cxx11::basic_string<char, std::char_traits<char>, std::allocator<char> > > >*, std::_Rb_tree_node_base*, std::_Rb_tree<int, std::pair<int const, std::__cxx11::basic_string<char, std::char_traits<char>, std::allocator<char> > >, std::_Select1st<std::pair<int const, std::__cxx11::basic_string<char, std::char_traits<char>, std::allocator<char> > > >, std::less<int>, std::allocator<std::pair<int const, std::__cxx11::basic_string<char, std::char_traits<char>, std::allocator<char> > > > >::_Alloc_node&) (stl_tree.h:1903)
==95964==    by 0x116206: std::_Rb_tree_node<std::pair<int const, std::__cxx11::basic_string<char, std::char_traits<char>, std::allocator<char> > > >* std::_Rb_tree<int, std::pair<int const, std::__cxx11::basic_string<char, std::char_traits<char>, std::allocator<char> > >, std::_Select1st<std::pair<int const, std::__cxx11::basic_string<char, std::char_traits<char>, std::allocator<char> > > >, std::less<int>, std::allocator<std::pair<int const, std::__cxx11::basic_string<char, std::char_traits<char>, std::allocator<char> > > > >::_M_copy<false, std::_Rb_tree<int, std::pair<int const, std::__cxx11::basic_string<char, std::char_traits<char>, std::allocator<char> > >, std::_Select1st<std::pair<int const, std::__cxx11::basic_string<char, std::char_traits<char>, std::allocator<char> > > >, std::less<int>, std::allocator<std::pair<int const, std::__cxx11::basic_string<char, std::char_traits<char>, std::allocator<char> > > > >::_Alloc_node>(std::_Rb_tree<int, std::pair<int const, std::__cxx11::basic_string<char, std::char_traits<char>, std::allocator<char> > >, std::_Select1st<std::pair<int const, std::__cxx11::basic_string<char, std::char_traits<char>, std::allocator<char> > > >, std::less<int>, std::allocator<std::pair<int const, std::__cxx11::basic_string<char, std::char_traits<char>, std::allocator<char> > > > > const&, std::_Rb_tree<int, std::pair<int const, std::__cxx11::basic_string<char, std::char_traits<char>, std::allocator<char> > >, std::_Select1st<std::pair<int const, std::__cxx11::basic_string<char, std::char_traits<char>, std::allocator<char> > > >, std::less<int>, std::allocator<std::pair<int const, std::__cxx11::basic_string<char, std::char_traits<char>, std::allocator<char> > > > >::_Alloc_node&) (stl_tree.h:892)
==95964==    by 0x115C6A: std::_Rb_tree<int, std::pair<int const, std::__cxx11::basic_string<char, std::char_traits<char>, std::allocator<char> > >, std::_Select1st<std::pair<int const, std::__cxx11::basic_string<char, std::char_traits<char>, std::allocator<char> > > >, std::less<int>, std::allocator<std::pair<int const, std::__cxx11::basic_string<char, std::char_traits<char>, std::allocator<char> > > > >::_M_copy(std::_Rb_tree<int, std::pair<int const, std::__cxx11::basic_string<char, std::char_traits<char>, std::allocator<char> > >, std::_Select1st<std::pair<int const, std::__cxx11::basic_string<char, std::char_traits<char>, std::allocator<char> > > >, std::less<int>, std::allocator<std::pair<int const, std::__cxx11::basic_string<char, std::char_traits<char>, std::allocator<char> > > > > const&) (stl_tree.h:903)
==95964==    by 0x114F7B: std::_Rb_tree<int, std::pair<int const, std::__cxx11::basic_string<char, std::char_traits<char>, std::allocator<char> > >, std::_Select1st<std::pair<int const, std::__cxx11::basic_string<char, std::char_traits<char>, std::allocator<char> > > >, std::less<int>, std::allocator<std::pair<int const, std::__cxx11::basic_string<char, std::char_traits<char>, std::allocator<char> > > > >::_Rb_tree(std::_Rb_tree<int, std::pair<int const, std::__cxx11::basic_string<char, std::char_traits<char>, std::allocator<char> > >, std::_Select1st<std::pair<int const, std::__cxx11::basic_string<char, std::char_traits<char>, std::allocator<char> > > >, std::less<int>, std::allocator<std::pair<int const, std::__cxx11::basic_string<char, std::char_traits<char>, std::allocator<char> > > > > const&) (stl_tree.h:941)
==95964==    by 0x113D80: std::map<int, std::__cxx11::basic_string<char, std::char_traits<char>, std::allocator<char> >, std::less<int>, std::allocator<std::pair<int const, std::__cxx11::basic_string<char, std::char_traits<char>, std::allocator<char> > > > >::map(std::map<int, std::__cxx11::basic_string<char, std::char_traits<char>, std::allocator<char> >, std::less<int>, std::allocator<std::pair<int const, std::__cxx11::basic_string<char, std::char_traits<char>, std::allocator<char> > > > > const&) (stl_map.h:217)
==95964== 
==95964== 242 bytes in 4 blocks are still reachable in loss record 22 of 32
==95964==    at 0x4846FA3: operator new(unsigned long) (in /usr/libexec/valgrind/vgpreload_memcheck-amd64-linux.so)
==95964==    by 0x49D885A: void std::__cxx11::basic_string<char, std::char_traits<char>, std::allocator<char> >::_M_construct<char*>(char*, char*, std::forward_iterator_tag) (in /usr/lib/x86_64-linux-gnu/libstdc++.so.6.0.33)
==95964==    by 0x112B9A: LocationConfig::LocationConfig(LocationConfig const&) (httpConfig.hpp:31)
==95964==    by 0x11695F: void std::_Construct<LocationConfig, LocationConfig>(LocationConfig*, LocationConfig const&) (stl_construct.h:128)
==95964==    by 0x116B84: LocationConfig* std::__do_uninit_copy<__gnu_cxx::__normal_iterator<LocationConfig const*, std::vector<LocationConfig, std::allocator<LocationConfig> > >, LocationConfig*>(__gnu_cxx::__normal_iterator<LocationConfig const*, std::vector<LocationConfig, std::allocator<LocationConfig> > >, __gnu_cxx::__normal_iterator<LocationConfig const*, std::vector<LocationConfig, std::allocator<LocationConfig> > >, LocationConfig*) (stl_uninitialized.h:120)
==95964==    by 0x11628F: LocationConfig* std::__uninitialized_copy<false>::__uninit_copy<__gnu_cxx::__normal_iterator<LocationConfig const*, std::vector<LocationConfig, std::allocator<LocationConfig> > >, LocationConfig*>(__gnu_cxx::__normal_iterator<LocationConfig const*, std::vector<LocationConfig, std::allocator<LocationConfig> > >, __gnu_cxx::__normal_iterator<LocationConfig const*, std::vector<LocationConfig, std::allocator<LocationConfig> > >, LocationConfig*) (stl_uninitialized.h:137)
==95964==    by 0x115D8B: LocationConfig* std::uninitialized_copy<__gnu_cxx::__normal_iterator<LocationConfig const*, std::vector<LocationConfig, std::allocator<LocationConfig> > >, LocationConfig*>(__gnu_cxx::__normal_iterator<LocationConfig const*, std::vector<LocationConfig, std::allocator<LocationConfig> > >, __gnu_cxx::__normal_iterator<LocationConfig const*, std::vector<LocationConfig, std::allocator<LocationConfig> > >, LocationConfig*) (stl_uninitialized.h:185)
==95964==    by 0x1150DA: LocationConfig* std::__uninitialized_copy_a<__gnu_cxx::__normal_iterator<LocationConfig const*, std::vector<LocationConfig, std::allocator<LocationConfig> > >, LocationConfig*, LocationConfig>(__gnu_cxx::__normal_iterator<LocationConfig const*, std::vector<LocationConfig, std::allocator<LocationConfig> > >, __gnu_cxx::__normal_iterator<LocationConfig const*, std::vector<LocationConfig, std::allocator<LocationConfig> > >, LocationConfig*, std::allocator<LocationConfig>&) (stl_uninitialized.h:373)
==95964==    by 0x113E10: std::vector<LocationConfig, std::allocator<LocationConfig> >::vector(std::vector<LocationConfig, std::allocator<LocationConfig> > const&) (stl_vector.h:606)
==95964==    by 0x1130CD: ServerConfig::ServerConfig(ServerConfig const&) (httpConfig.hpp:49)
==95964==    by 0x111EDD: construct (new_allocator.h:205)
==95964==    by 0x111EDD: construct<ServerConfig> (alloc_traits.h:155)
==95964==    by 0x111EDD: std::vector<ServerConfig, std::allocator<ServerConfig> >::_M_realloc_insert(__gnu_cxx::__normal_iterator<ServerConfig*, std::vector<ServerConfig, std::allocator<ServerConfig> > >, ServerConfig const&) (vector.tcc:468)
==95964==    by 0x110C05: std::vector<ServerConfig, std::allocator<ServerConfig> >::push_back(ServerConfig const&) (stl_vector.h:1292)
==95964== 
==95964== 242 bytes in 4 blocks are still reachable in loss record 23 of 32
==95964==    at 0x4846FA3: operator new(unsigned long) (in /usr/libexec/valgrind/vgpreload_memcheck-amd64-linux.so)
==95964==    by 0x49D885A: void std::__cxx11::basic_string<char, std::char_traits<char>, std::allocator<char> >::_M_construct<char*>(char*, char*, std::forward_iterator_tag) (in /usr/lib/x86_64-linux-gnu/libstdc++.so.6.0.33)
==95964==    by 0x112B9A: LocationConfig::LocationConfig(LocationConfig const&) (httpConfig.hpp:31)
==95964==    by 0x11695F: void std::_Construct<LocationConfig, LocationConfig>(LocationConfig*, LocationConfig const&) (stl_construct.h:128)
==95964==    by 0x116B84: LocationConfig* std::__do_uninit_copy<__gnu_cxx::__normal_iterator<LocationConfig const*, std::vector<LocationConfig, std::allocator<LocationConfig> > >, LocationConfig*>(__gnu_cxx::__normal_iterator<LocationConfig const*, std::vector<LocationConfig, std::allocator<LocationConfig> > >, __gnu_cxx::__normal_iterator<LocationConfig const*, std::vector<LocationConfig, std::allocator<LocationConfig> > >, LocationConfig*) (stl_uninitialized.h:120)
==95964==    by 0x11628F: LocationConfig* std::__uninitialized_copy<false>::__uninit_copy<__gnu_cxx::__normal_iterator<LocationConfig const*, std::vector<LocationConfig, std::allocator<LocationConfig> > >, LocationConfig*>(__gnu_cxx::__normal_iterator<LocationConfig const*, std::vector<LocationConfig, std::allocator<LocationConfig> > >, __gnu_cxx::__normal_iterator<LocationConfig const*, std::vector<LocationConfig, std::allocator<LocationConfig> > >, LocationConfig*) (stl_uninitialized.h:137)
==95964==    by 0x115D8B: LocationConfig* std::uninitialized_copy<__gnu_cxx::__normal_iterator<LocationConfig const*, std::vector<LocationConfig, std::allocator<LocationConfig> > >, LocationConfig*>(__gnu_cxx::__normal_iterator<LocationConfig const*, std::vector<LocationConfig, std::allocator<LocationConfig> > >, __gnu_cxx::__normal_iterator<LocationConfig const*, std::vector<LocationConfig, std::allocator<LocationConfig> > >, LocationConfig*) (stl_uninitialized.h:185)
==95964==    by 0x1150DA: LocationConfig* std::__uninitialized_copy_a<__gnu_cxx::__normal_iterator<LocationConfig const*, std::vector<LocationConfig, std::allocator<LocationConfig> > >, LocationConfig*, LocationConfig>(__gnu_cxx::__normal_iterator<LocationConfig const*, std::vector<LocationConfig, std::allocator<LocationConfig> > >, __gnu_cxx::__normal_iterator<LocationConfig const*, std::vector<LocationConfig, std::allocator<LocationConfig> > >, LocationConfig*, std::allocator<LocationConfig>&) (stl_uninitialized.h:373)
==95964==    by 0x113E10: std::vector<LocationConfig, std::allocator<LocationConfig> >::vector(std::vector<LocationConfig, std::allocator<LocationConfig> > const&) (stl_vector.h:606)
==95964==    by 0x1130CD: ServerConfig::ServerConfig(ServerConfig const&) (httpConfig.hpp:49)
==95964==    by 0x115E02: void std::_Construct<ServerConfig, ServerConfig>(ServerConfig*, ServerConfig const&) (stl_construct.h:128)
==95964==    by 0x1162D2: ServerConfig* std::__do_uninit_copy<ServerConfig*, ServerConfig*>(ServerConfig*, ServerConfig*, ServerConfig*) (stl_uninitialized.h:120)
==95964== 
==95964== 400 bytes in 1 blocks are still reachable in loss record 24 of 32
==95964==    at 0x4846FA3: operator new(unsigned long) (in /usr/libexec/valgrind/vgpreload_memcheck-amd64-linux.so)
==95964==    by 0x1151DA: std::__new_allocator<ServerConfig>::allocate(unsigned long, void const*) (new_allocator.h:151)
==95964==    by 0x113340: allocate (alloc_traits.h:140)
==95964==    by 0x113340: std::_Vector_base<ServerConfig, std::allocator<ServerConfig> >::_M_allocate(unsigned long) (stl_vector.h:381)
==95964==    by 0x111E25: std::vector<ServerConfig, std::allocator<ServerConfig> >::_M_realloc_insert(__gnu_cxx::__normal_iterator<ServerConfig*, std::vector<ServerConfig, std::allocator<ServerConfig> > >, ServerConfig const&) (vector.tcc:459)
==95964==    by 0x110C05: std::vector<ServerConfig, std::allocator<ServerConfig> >::push_back(ServerConfig const&) (stl_vector.h:1292)
==95964==    by 0x10F1E0: ConfigParser::parseHttpBlock(std::istream&, HttpConfig&) (configParser.cpp:232)
==95964==    by 0x10F565: ConfigParser::parse() (configParser.cpp:251)
==95964==    by 0x134D37: main (main.cpp:47)
==95964== 
==95964== 448 bytes in 6 blocks are still reachable in loss record 25 of 32
==95964==    at 0x4846FA3: operator new(unsigned long) (in /usr/libexec/valgrind/vgpreload_memcheck-amd64-linux.so)
==95964==    by 0x1146B9: std::__new_allocator<std::__cxx11::basic_string<char, std::char_traits<char>, std::allocator<char> > >::allocate(unsigned long, void const*) (new_allocator.h:151)
==95964==    by 0x112986: allocate (alloc_traits.h:140)
==95964==    by 0x112986: std::_Vector_base<std::__cxx11::basic_string<char, std::char_traits<char>, std::allocator<char> >, std::allocator<std::__cxx11::basic_string<char, std::char_traits<char>, std::allocator<char> > > >::_M_allocate(unsigned long) (stl_vector.h:381)
==95964==    by 0x1159DC: std::_Vector_base<std::__cxx11::basic_string<char, std::char_traits<char>, std::allocator<char> >, std::allocator<std::__cxx11::basic_string<char, std::char_traits<char>, std::allocator<char> > > >::_M_create_storage(unsigned long) (stl_vector.h:398)
==95964==    by 0x114C50: std::_Vector_base<std::__cxx11::basic_string<char, std::char_traits<char>, std::allocator<char> >, std::allocator<std::__cxx11::basic_string<char, std::char_traits<char>, std::allocator<char> > > >::_Vector_base(unsigned long, std::allocator<std::__cxx11::basic_string<char, std::char_traits<char>, std::allocator<char> > > const&) (stl_vector.h:335)
==95964==    by 0x113C2C: std::vector<std::__cxx11::basic_string<char, std::char_traits<char>, std::allocator<char> >, std::allocator<std::__cxx11::basic_string<char, std::char_traits<char>, std::allocator<char> > > >::vector(std::vector<std::__cxx11::basic_string<char, std::char_traits<char>, std::allocator<char> >, std::allocator<std::__cxx11::basic_string<char, std::char_traits<char>, std::allocator<char> > > > const&) (stl_vector.h:603)
==95964==    by 0x112BD0: LocationConfig::LocationConfig(LocationConfig const&) (httpConfig.hpp:31)
==95964==    by 0x11695F: void std::_Construct<LocationConfig, LocationConfig>(LocationConfig*, LocationConfig const&) (stl_construct.h:128)
==95964==    by 0x116B84: LocationConfig* std::__do_uninit_copy<__gnu_cxx::__normal_iterator<LocationConfig const*, std::vector<LocationConfig, std::allocator<LocationConfig> > >, LocationConfig*>(__gnu_cxx::__normal_iterator<LocationConfig const*, std::vector<LocationConfig, std::allocator<LocationConfig> > >, __gnu_cxx::__normal_iterator<LocationConfig const*, std::vector<LocationConfig, std::allocator<LocationConfig> > >, LocationConfig*) (stl_uninitialized.h:120)
==95964==    by 0x11628F: LocationConfig* std::__uninitialized_copy<false>::__uninit_copy<__gnu_cxx::__normal_iterator<LocationConfig const*, std::vector<LocationConfig, std::allocator<LocationConfig> > >, LocationConfig*>(__gnu_cxx::__normal_iterator<LocationConfig const*, std::vector<LocationConfig, std::allocator<LocationConfig> > >, __gnu_cxx::__normal_iterator<LocationConfig const*, std::vector<LocationConfig, std::allocator<LocationConfig> > >, LocationConfig*) (stl_uninitialized.h:137)
==95964==    by 0x115D8B: LocationConfig* std::uninitialized_copy<__gnu_cxx::__normal_iterator<LocationConfig const*, std::vector<LocationConfig, std::allocator<LocationConfig> > >, LocationConfig*>(__gnu_cxx::__normal_iterator<LocationConfig const*, std::vector<LocationConfig, std::allocator<LocationConfig> > >, __gnu_cxx::__normal_iterator<LocationConfig const*, std::vector<LocationConfig, std::allocator<LocationConfig> > >, LocationConfig*) (stl_uninitialized.h:185)
==95964==    by 0x1150DA: LocationConfig* std::__uninitialized_copy_a<__gnu_cxx::__normal_iterator<LocationConfig const*, std::vector<LocationConfig, std::allocator<LocationConfig> > >, LocationConfig*, LocationConfig>(__gnu_cxx::__normal_iterator<LocationConfig const*, std::vector<LocationConfig, std::allocator<LocationConfig> > >, __gnu_cxx::__normal_iterator<LocationConfig const*, std::vector<LocationConfig, std::allocator<LocationConfig> > >, LocationConfig*, std::allocator<LocationConfig>&) (stl_uninitialized.h:373)
==95964== 
==95964== 1,312 bytes in 1 blocks are still reachable in loss record 26 of 32
==95964==    at 0x4846FA3: operator new(unsigned long) (in /usr/libexec/valgrind/vgpreload_memcheck-amd64-linux.so)
==95964==    by 0x114EE0: std::__new_allocator<LocationConfig>::allocate(unsigned long, void const*) (new_allocator.h:151)
==95964==    by 0x112F86: allocate (alloc_traits.h:140)
==95964==    by 0x112F86: std::_Vector_base<LocationConfig, std::allocator<LocationConfig> >::_M_allocate(unsigned long) (stl_vector.h:381)
==95964==    by 0x115CEE: std::_Vector_base<LocationConfig, std::allocator<LocationConfig> >::_M_create_storage(unsigned long) (stl_vector.h:398)
==95964==    by 0x114FE4: std::_Vector_base<LocationConfig, std::allocator<LocationConfig> >::_Vector_base(unsigned long, std::allocator<LocationConfig> const&) (stl_vector.h:335)
==95964==    by 0x113DCE: std::vector<LocationConfig, std::allocator<LocationConfig> >::vector(std::vector<LocationConfig, std::allocator<LocationConfig> > const&) (stl_vector.h:603)
==95964==    by 0x1130CD: ServerConfig::ServerConfig(ServerConfig const&) (httpConfig.hpp:49)
==95964==    by 0x111EDD: construct (new_allocator.h:205)
==95964==    by 0x111EDD: construct<ServerConfig> (alloc_traits.h:155)
==95964==    by 0x111EDD: std::vector<ServerConfig, std::allocator<ServerConfig> >::_M_realloc_insert(__gnu_cxx::__normal_iterator<ServerConfig*, std::vector<ServerConfig, std::allocator<ServerConfig> > >, ServerConfig const&) (vector.tcc:468)
==95964==    by 0x110C05: std::vector<ServerConfig, std::allocator<ServerConfig> >::push_back(ServerConfig const&) (stl_vector.h:1292)
==95964==    by 0x10F1E0: ConfigParser::parseHttpBlock(std::istream&, HttpConfig&) (configParser.cpp:232)
==95964==    by 0x10F565: ConfigParser::parse() (configParser.cpp:251)
==95964==    by 0x134D37: main (main.cpp:47)
==95964== 
==95964== 1,312 bytes in 1 blocks are still reachable in loss record 27 of 32
==95964==    at 0x4846FA3: operator new(unsigned long) (in /usr/libexec/valgrind/vgpreload_memcheck-amd64-linux.so)
==95964==    by 0x114EE0: std::__new_allocator<LocationConfig>::allocate(unsigned long, void const*) (new_allocator.h:151)
==95964==    by 0x112F86: allocate (alloc_traits.h:140)
==95964==    by 0x112F86: std::_Vector_base<LocationConfig, std::allocator<LocationConfig> >::_M_allocate(unsigned long) (stl_vector.h:381)
==95964==    by 0x115CEE: std::_Vector_base<LocationConfig, std::allocator<LocationConfig> >::_M_create_storage(unsigned long) (stl_vector.h:398)
==95964==    by 0x114FE4: std::_Vector_base<LocationConfig, std::allocator<LocationConfig> >::_Vector_base(unsigned long, std::allocator<LocationConfig> const&) (stl_vector.h:335)
==95964==    by 0x113DCE: std::vector<LocationConfig, std::allocator<LocationConfig> >::vector(std::vector<LocationConfig, std::allocator<LocationConfig> > const&) (stl_vector.h:603)
==95964==    by 0x1130CD: ServerConfig::ServerConfig(ServerConfig const&) (httpConfig.hpp:49)
==95964==    by 0x115E02: void std::_Construct<ServerConfig, ServerConfig>(ServerConfig*, ServerConfig const&) (stl_construct.h:128)
==95964==    by 0x1162D2: ServerConfig* std::__do_uninit_copy<ServerConfig*, ServerConfig*>(ServerConfig*, ServerConfig*, ServerConfig*) (stl_uninitialized.h:120)
==95964==    by 0x115DBC: ServerConfig* std::__uninitialized_copy<false>::__uninit_copy<ServerConfig*, ServerConfig*>(ServerConfig*, ServerConfig*, ServerConfig*) (stl_uninitialized.h:137)
==95964==    by 0x115213: ServerConfig* std::uninitialized_copy<ServerConfig*, ServerConfig*>(ServerConfig*, ServerConfig*, ServerConfig*) (stl_uninitialized.h:185)
==95964==    by 0x113E9C: ServerConfig* std::__uninitialized_copy_a<ServerConfig*, ServerConfig*, ServerConfig>(ServerConfig*, ServerConfig*, ServerConfig*, std::allocator<ServerConfig>&) (stl_uninitialized.h:373)
==95964== 
==95964== 1,996 bytes in 60 blocks are still reachable in loss record 28 of 32
==95964==    at 0x4846FA3: operator new(unsigned long) (in /usr/libexec/valgrind/vgpreload_memcheck-amd64-linux.so)
==95964==    by 0x49D563F: std::__cxx11::basic_string<char, std::char_traits<char>, std::allocator<char> >::_M_assign(std::__cxx11::basic_string<char, std::char_traits<char>, std::allocator<char> > const&) (in /usr/lib/x86_64-linux-gnu/libstdc++.so.6.0.33)
==95964==    by 0x49D5B24: std::__cxx11::basic_string<char, std::char_traits<char>, std::allocator<char> >::operator=(std::__cxx11::basic_string<char, std::char_traits<char>, std::allocator<char> > const&) (in /usr/lib/x86_64-linux-gnu/libstdc++.so.6.0.33)
==95964==    by 0x10D6A0: ConfigParser::loadMimeTypes(MimeTypes&) (configParser.cpp:58)
==95964==    by 0x134D5C: main (main.cpp:50)
==95964== 
==95964== 2,143 bytes in 1 blocks are still reachable in loss record 29 of 32
==95964==    at 0x4846FA3: operator new(unsigned long) (in /usr/libexec/valgrind/vgpreload_memcheck-amd64-linux.so)
==95964==    by 0x49D563F: std::__cxx11::basic_string<char, std::char_traits<char>, std::allocator<char> >::_M_assign(std::__cxx11::basic_string<char, std::char_traits<char>, std::allocator<char> > const&) (in /usr/lib/x86_64-linux-gnu/libstdc++.so.6.0.33)
==95964==    by 0x49D5B24: std::__cxx11::basic_string<char, std::char_traits<char>, std::allocator<char> >::operator=(std::__cxx11::basic_string<char, std::char_traits<char>, std::allocator<char> > const&) (in /usr/lib/x86_64-linux-gnu/libstdc++.so.6.0.33)
==95964==    by 0x10D1B5: ConfigParser::ConfigParser(std::__cxx11::basic_string<char, std::char_traits<char>, std::allocator<char> > const&, std::__cxx11::basic_string<char, std::char_traits<char>, std::allocator<char> > const&) (configParser.cpp:18)
==95964==    by 0x134D21: main (main.cpp:46)
==95964== 
==95964== 4,096 bytes in 1 blocks are still reachable in loss record 30 of 32
==95964==    at 0x4846828: malloc (in /usr/libexec/valgrind/vgpreload_memcheck-amd64-linux.so)
==95964==    by 0x4B9E1B4: _IO_file_doallocate (filedoalloc.c:101)
==95964==    by 0x4BAE523: _IO_doallocbuf (genops.c:347)
==95964==    by 0x4BABF8F: _IO_file_overflow@@GLIBC_2.2.5 (fileops.c:745)
==95964==    by 0x4BACAAE: _IO_new_file_xsputn (fileops.c:1244)
==95964==    by 0x4BACAAE: _IO_file_xsputn@@GLIBC_2.2.5 (fileops.c:1197)
==95964==    by 0x4B9FA11: fwrite (iofwrite.c:39)
==95964==    by 0x49C3DC3: std::basic_ostream<char, std::char_traits<char> >& std::__ostream_insert<char, std::char_traits<char> >(std::basic_ostream<char, std::char_traits<char> >&, char const*, long) (in /usr/lib/x86_64-linux-gnu/libstdc++.so.6.0.33)
==95964==    by 0x49C413B: std::basic_ostream<char, std::char_traits<char> >& std::operator<< <std::char_traits<char> >(std::basic_ostream<char, std::char_traits<char> >&, char const*) (in /usr/lib/x86_64-linux-gnu/libstdc++.so.6.0.33)
==95964==    by 0x118A31: Server::setupListeningSockets() (server.cpp:94)
==95964==    by 0x1182A2: Server::Server(HttpConfig const&, MimeTypes&) (server.cpp:27)
==95964==    by 0x134D7C: main (main.cpp:52)
==95964== 
==95964== 9,888 bytes in 103 blocks are still reachable in loss record 31 of 32
==95964==    at 0x4846FA3: operator new(unsigned long) (in /usr/libexec/valgrind/vgpreload_memcheck-amd64-linux.so)
==95964==    by 0x116ED0: std::__new_allocator<std::_Rb_tree_node<std::pair<std::__cxx11::basic_string<char, std::char_traits<char>, std::allocator<char> > const, std::__cxx11::basic_string<char, std::char_traits<char>, std::allocator<char> > > > >::allocate(unsigned long, void const*) (new_allocator.h:151)
==95964==    by 0x116373: allocate (alloc_traits.h:140)
==95964==    by 0x116373: std::_Rb_tree<std::__cxx11::basic_string<char, std::char_traits<char>, std::allocator<char> >, std::pair<std::__cxx11::basic_string<char, std::char_traits<char>, std::allocator<char> > const, std::__cxx11::basic_string<char, std::char_traits<char>, std::allocator<char> > >, std::_Select1st<std::pair<std::__cxx11::basic_string<char, std::char_traits<char>, std::allocator<char> > const, std::__cxx11::basic_string<char, std::char_traits<char>, std::allocator<char> > > >, std::less<std::__cxx11::basic_string<char, std::char_traits<char>, std::allocator<char> > >, std::allocator<std::pair<std::__cxx11::basic_string<char, std::char_traits<char>, std::allocator<char> > const, std::__cxx11::basic_string<char, std::char_traits<char>, std::allocator<char> > > > >::_M_get_node() (stl_tree.h:563)
==95964==    by 0x115EB5: std::_Rb_tree<std::__cxx11::basic_string<char, std::char_traits<char>, std::allocator<char> >, std::pair<std::__cxx11::basic_string<char, std::char_traits<char>, std::allocator<char> > const, std::__cxx11::basic_string<char, std::char_traits<char>, std::allocator<char> > >, std::_Select1st<std::pair<std::__cxx11::basic_string<char, std::char_traits<char>, std::allocator<char> > const, std::__cxx11::basic_string<char, std::char_traits<char>, std::allocator<char> > > >, std::less<std::__cxx11::basic_string<char, std::char_traits<char>, std::allocator<char> > >, std::allocator<std::pair<std::__cxx11::basic_string<char, std::char_traits<char>, std::allocator<char> > const, std::__cxx11::basic_string<char, std::char_traits<char>, std::allocator<char> > > > >::_M_create_node(std::pair<std::__cxx11::basic_string<char, std::char_traits<char>, std::allocator<char> > const, std::__cxx11::basic_string<char, std::char_traits<char>, std::allocator<char> > > const&) (stl_tree.h:585)
==95964==    by 0x115637: std::_Rb_tree_node<std::pair<std::__cxx11::basic_string<char, std::char_traits<char>, std::allocator<char> > const, std::__cxx11::basic_string<char, std::char_traits<char>, std::allocator<char> > > >* std::_Rb_tree<std::__cxx11::basic_string<char, std::char_traits<char>, std::allocator<char> >, std::pair<std::__cxx11::basic_string<char, std::char_traits<char>, std::allocator<char> > const, std::__cxx11::basic_string<char, std::char_traits<char>, std::allocator<char> > >, std::_Select1st<std::pair<std::__cxx11::basic_string<char, std::char_traits<char>, std::allocator<char> > const, std::__cxx11::basic_string<char, std::char_traits<char>, std::allocator<char> > > >, std::less<std::__cxx11::basic_string<char, std::char_traits<char>, std::allocator<char> > >, std::allocator<std::pair<std::__cxx11::basic_string<char, std::char_traits<char>, std::allocator<char> > const, std::__cxx11::basic_string<char, std::char_traits<char>, std::allocator<char> > > > >::_Alloc_node::operator()<std::pair<std::__cxx11::basic_string<char, std::char_traits<char>, std::allocator<char> > const, std::__cxx11::basic_string<char, std::char_traits<char>, std::allocator<char> > > >(std::pair<std::__cxx11::basic_string<char, std::char_traits<char>, std::allocator<char> > const, std::__cxx11::basic_string<char, std::char_traits<char>, std::allocator<char> > > const&) const (stl_tree.h:531)
==95964==    by 0x114556: std::_Rb_tree_iterator<std::pair<std::__cxx11::basic_string<char, std::char_traits<char>, std::allocator<char> > const, std::__cxx11::basic_string<char, std::char_traits<char>, std::allocator<char> > > > std::_Rb_tree<std::__cxx11::basic_string<char, std::char_traits<char>, std::allocator<char> >, std::pair<std::__cxx11::basic_string<char, std::char_traits<char>, std::allocator<char> > const, std::__cxx11::basic_string<char, std::char_traits<char>, std::allocator<char> > >, std::_Select1st<std::pair<std::__cxx11::basic_string<char, std::char_traits<char>, std::allocator<char> > const, std::__cxx11::basic_string<char, std::char_traits<char>, std::allocator<char> > > >, std::less<std::__cxx11::basic_string<char, std::char_traits<char>, std::allocator<char> > >, std::allocator<std::pair<std::__cxx11::basic_string<char, std::char_traits<char>, std::allocator<char> > const, std::__cxx11::basic_string<char, std::char_traits<char>, std::allocator<char> > > > >::_M_insert_<std::_Rb_tree<std::__cxx11::basic_string<char, std::char_traits<char>, std::allocator<char> >, std::pair<std::__cxx11::basic_string<char, std::char_traits<char>, std::allocator<char> > const, std::__cxx11::basic_string<char, std::char_traits<char>, std::allocator<char> > >, std::_Select1st<std::pair<std::__cxx11::basic_string<char, std::char_traits<char>, std::allocator<char> > const, std::__cxx11::basic_string<char, std::char_traits<char>, std::allocator<char> > > >, std::less<std::__cxx11::basic_string<char, std::char_traits<char>, std::allocator<char> > >, std::allocator<std::pair<std::__cxx11::basic_string<char, std::char_traits<char>, std::allocator<char> > const, std::__cxx11::basic_string<char, std::char_traits<char>, std::allocator<char> > > > >::_Alloc_node>(std::_Rb_tree_node_base*, std::_Rb_tree_node_base*, std::pair<std::__cxx11::basic_string<char, std::char_traits<char>, std::allocator<char> > const, std::__cxx11::basic_string<char, std::char_traits<char>, std::allocator<char> > > const&, std::_Rb_tree<std::__cxx11::basic_string<char, std::char_traits<char>, std::allocator<char> >, std::pair<std::__cxx11::basic_string<char, std::char_traits<char>, std::allocator<char> > const, std::__cxx11::basic_string<char, std::char_traits<char>, std::allocator<char> > >, std::_Select1st<std::pair<std::__cxx11::basic_string<char, std::char_traits<char>, std::allocator<char> > const, std::__cxx11::basic_string<char, std::char_traits<char>, std::allocator<char> > > >, std::less<std::__cxx11::basic_string<char, std::char_traits<char>, std::allocator<char> > >, std::allocator<std::pair<std::__cxx11::basic_string<char, std::char_traits<char>, std::allocator<char> > const, std::__cxx11::basic_string<char, std::char_traits<char>, std::allocator<char> > > > >::_Alloc_node&) (stl_tree.h:1831)
==95964==    by 0x11392B: std::_Rb_tree_iterator<std::pair<std::__cxx11::basic_string<char, std::char_traits<char>, std::allocator<char> > const, std::__cxx11::basic_string<char, std::char_traits<char>, std::allocator<char> > > > std::_Rb_tree<std::__cxx11::basic_string<char, std::char_traits<char>, std::allocator<char> >, std::pair<std::__cxx11::basic_string<char, std::char_traits<char>, std::allocator<char> > const, std::__cxx11::basic_string<char, std::char_traits<char>, std::allocator<char> > >, std::_Select1st<std::pair<std::__cxx11::basic_string<char, std::char_traits<char>, std::allocator<char> > const, std::__cxx11::basic_string<char, std::char_traits<char>, std::allocator<char> > > >, std::less<std::__cxx11::basic_string<char, std::char_traits<char>, std::allocator<char> > >, std::allocator<std::pair<std::__cxx11::basic_string<char, std::char_traits<char>, std::allocator<char> > const, std::__cxx11::basic_string<char, std::char_traits<char>, std::allocator<char> > > > >::_M_insert_unique_<std::_Rb_tree<std::__cxx11::basic_string<char, std::char_traits<char>, std::allocator<char> >, std::pair<std::__cxx11::basic_string<char, std::char_traits<char>, std::allocator<char> > const, std::__cxx11::basic_string<char, std::char_traits<char>, std::allocator<char> > >, std::_Select1st<std::pair<std::__cxx11::basic_string<char, std::char_traits<char>, std::allocator<char> > const, std::__cxx11::basic_string<char, std::char_traits<char>, std::allocator<char> > > >, std::less<std::__cxx11::basic_string<char, std::char_traits<char>, std::allocator<char> > >, std::allocator<std::pair<std::__cxx11::basic_string<char, std::char_traits<char>, std::allocator<char> > const, std::__cxx11::basic_string<char, std::char_traits<char>, std::allocator<char> > > > >::_Alloc_node>(std::_Rb_tree_const_iterator<std::pair<std::__cxx11::basic_string<char, std::char_traits<char>, std::allocator<char> > const, std::__cxx11::basic_string<char, std::char_traits<char>, std::allocator<char> > > >, std::pair<std::__cxx11::basic_string<char, std::char_traits<char>, std::allocator<char> > const, std::__cxx11::basic_string<char, std::char_traits<char>, std::allocator<char> > > const&, std::_Rb_tree<std::__cxx11::basic_string<char, std::char_traits<char>, std::allocator<char> >, std::pair<std::__cxx11::basic_string<char, std::char_traits<char>, std::allocator<char> > const, std::__cxx11::basic_string<char, std::char_traits<char>, std::allocator<char> > >, std::_Select1st<std::pair<std::__cxx11::basic_string<char, std::char_traits<char>, std::allocator<char> > const, std::__cxx11::basic_string<char, std::char_traits<char>, std::allocator<char> > > >, std::less<std::__cxx11::basic_string<char, std::char_traits<char>, std::allocator<char> > >, std::allocator<std::pair<std::__cxx11::basic_string<char, std::char_traits<char>, std::allocator<char> > const, std::__cxx11::basic_string<char, std::char_traits<char>, std::allocator<char> > > > >::_Alloc_node&) (stl_tree.h:2284)
==95964==    by 0x112797: std::_Rb_tree<std::__cxx11::basic_string<char, std::char_traits<char>, std::allocator<char> >, std::pair<std::__cxx11::basic_string<char, std::char_traits<char>, std::allocator<char> > const, std::__cxx11::basic_string<char, std::char_traits<char>, std::allocator<char> > >, std::_Select1st<std::pair<std::__cxx11::basic_string<char, std::char_traits<char>, std::allocator<char> > const, std::__cxx11::basic_string<char, std::char_traits<char>, std::allocator<char> > > >, std::less<std::__cxx11::basic_string<char, std::char_traits<char>, std::allocator<char> > >, std::allocator<std::pair<std::__cxx11::basic_string<char, std::char_traits<char>, std::allocator<char> > const, std::__cxx11::basic_string<char, std::char_traits<char>, std::allocator<char> > > > >::_M_insert_unique_(std::_Rb_tree_const_iterator<std::pair<std::__cxx11::basic_string<char, std::char_traits<char>, std::allocator<char> > const, std::__cxx11::basic_string<char, std::char_traits<char>, std::allocator<char> > > >, std::pair<std::__cxx11::basic_string<char, std::char_traits<char>, std::allocator<char> > const, std::__cxx11::basic_string<char, std::char_traits<char>, std::allocator<char> > > const&) (stl_tree.h:1147)
==95964==    by 0x111155: std::map<std::__cxx11::basic_string<char, std::char_traits<char>, std::allocator<char> >, std::__cxx11::basic_string<char, std::char_traits<char>, std::allocator<char> >, std::less<std::__cxx11::basic_string<char, std::char_traits<char>, std::allocator<char> > >, std::allocator<std::pair<std::__cxx11::basic_string<char, std::char_traits<char>, std::allocator<char> > const, std::__cxx11::basic_string<char, std::char_traits<char>, std::allocator<char> > > > >::insert(std::_Rb_tree_iterator<std::pair<std::__cxx11::basic_string<char, std::char_traits<char>, std::allocator<char> > const, std::__cxx11::basic_string<char, std::char_traits<char>, std::allocator<char> > > >, std::pair<std::__cxx11::basic_string<char, std::char_traits<char>, std::allocator<char> > const, std::__cxx11::basic_string<char, std::char_traits<char>, std::allocator<char> > > const&) (stl_map.h:914)
==95964==    by 0x1102DC: std::map<std::__cxx11::basic_string<char, std::char_traits<char>, std::allocator<char> >, std::__cxx11::basic_string<char, std::char_traits<char>, std::allocator<char> >, std::less<std::__cxx11::basic_string<char, std::char_traits<char>, std::allocator<char> > >, std::allocator<std::pair<std::__cxx11::basic_string<char, std::char_traits<char>, std::allocator<char> > const, std::__cxx11::basic_string<char, std::char_traits<char>, std::allocator<char> > > > >::operator[](std::__cxx11::basic_string<char, std::char_traits<char>, std::allocator<char> > const&) (stl_map.h:517)
==95964==    by 0x10D68B: ConfigParser::loadMimeTypes(MimeTypes&) (configParser.cpp:58)
==95964==    by 0x134D5C: main (main.cpp:50)
==95964== 
==95964== 73,728 bytes in 1 blocks are still reachable in loss record 32 of 32
==95964==    at 0x4846828: malloc (in /usr/libexec/valgrind/vgpreload_memcheck-amd64-linux.so)
==95964==    by 0x492438E: ??? (in /usr/lib/x86_64-linux-gnu/libstdc++.so.6.0.33)
==95964==    by 0x400571E: call_init.part.0 (dl-init.c:74)
==95964==    by 0x4005823: call_init (dl-init.c:120)
==95964==    by 0x4005823: _dl_init (dl-init.c:121)
==95964==    by 0x401F59F: ??? (in /usr/lib/x86_64-linux-gnu/ld-linux-x86-64.so.2)
==95964==    by 0x1: ???
==95964==    by 0x1FFEFFF82A: ???
==95964==    by 0x1FFEFFF834: ???
==95964== 
==95964== LEAK SUMMARY:
==95964==    definitely lost: 0 bytes in 0 blocks
==95964==    indirectly lost: 0 bytes in 0 blocks
==95964==      possibly lost: 0 bytes in 0 blocks
==95964==    still reachable: 97,032 bytes in 213 blocks
==95964==         suppressed: 0 bytes in 0 blocks
==95964== 
==95964== For lists of detected and suppressed errors, rerun with: -s
==95964== ERROR SUMMARY: 0 errors from 0 contexts (suppressed: 0 from 0)
